stock_code,income_total
1,0.9561928279419936
2,-1.2501302503782104
4,-4.492422578133636
5,-1.4832000261244145
6,-1.2430163994086327
7,0.0
8,-2.7302727519395504
9,-1.608805738990065
10,-3.556649731402147
11,-3.963251046347685
12,1.6320794940969956
14,-1.6217105966137295
16,-2.813791357358532
17,-3.1859574979319376
18,-3.238902301076445
19,-1.8437938536931184
20,-2.8318265460226075
21,-0.5236916486412314
22,4.390212412331978
23,0.0
25,-2.1804649754871583
26,-0.7427039401829031
27,1.5738613557791723
28,0.0
29,0.0
30,-1.379851715636201
31,2.638072132884425
32,-0.5147515254242486
34,0.4307652298146337
35,-0.4689764160099865
36,-0.12303294324999865
37,7.928661069672755
38,-4.017461240128525
39,2.7913638937631835
40,2.3398098385323114
42,0.0
43,2.282135600208372
45,-3.3748905476892377
46,-1.3799644969942544
48,0.0
49,-0.314638678516533
50,0.0
55,-3.5308918032822256
56,0.0
58,-0.09565985401468123
59,-3.117965380909556
60,-0.25000859047376234
61,-1.1754773508606469
62,0.0
63,-0.19721176698072546
65,8.34825003420029
66,6.931078229042512
68,0.0
69,3.9488651897003
70,-1.2309088884112684
78,6.310610838312319
88,3.006456844816352
89,1.3470125966864337
90,-0.4342589703347541
96,0.0
99,-1.6362723295233743
100,3.069400645164364
150,0.0
151,-0.7159552466866721
153,0.0
156,0.33830449981847155
157,3.2398302382202404
158,-0.9259062430279744
159,16.61004380967662
166,0.0
301,2.3438197471648383
333,3.0735094128764304
338,7.534105314887007
400,-4.999608196726332
401,-4.123181120430654
402,-2.4908815590878035
403,0.0
404,-1.4005088117149604
407,1.5447473371732114
408,3.147568835412499
409,0.0
410,-2.387785781292385
411,0.0
413,0.0
415,-0.16564224947818715
416,0.0
417,4.7019105934765015
418,5.951246093812938
419,0.3421392143586943
420,10.129661876440338
421,-0.03066081881055614
422,-3.8905922398729516
423,-1.3018193640647966
425,16.473819239771153
426,-3.5259377865979684
428,-7.305041585945574
429,-0.9910026108805547
430,2.030815266635561
488,-2.108325860305256
498,3.8989066996025343
501,2.4268138935258388
502,-4.622161624689762
503,0.0
504,1.8039387925226569
505,-0.8976651705574316
506,-4.219499405887877
507,14.354211380239976
509,0.0
510,-1.21084737943363
511,-1.0647078669643029
513,-3.9950010877057287
514,-6.642500345546233
516,0.0
517,10.037617817594434
518,-1.878372341885568
519,-1.2611003601840087
520,-3.5720247805471086
521,0.5681222916888372
523,1.7869035474432169
524,-2.4878857993755483
525,-1.7978254411782617
526,-3.0500677838898462
528,-0.7715795876314653
529,-1.1564808537989903
530,0.0
531,-0.3419000667662815
532,-2.134776931725969
533,0.0
534,-1.014717188682454
536,0.0
537,2.1769999362406094
538,-1.3891213525713764
539,-0.3522570480715454
540,-1.5791460158221933
541,-0.7790959400982878
543,0.13384162983926734
544,-0.1519755319150609
545,23.03764228725707
546,-0.3385598895227968
547,-2.1127558469798537
548,24.268525049240193
550,0.0
551,1.641423720058026
552,1.1799232934411068
553,-1.4589225050185055
554,-2.7622965507684363
555,3.786019657136076
557,0.0
558,0.0
559,-1.3640942095393782
560,0.0
561,4.52590167930004
563,-0.3208291407055421
564,-3.5172683423233675
565,-1.2607851290359922
566,-0.1514244042027919
567,-4.503233793903159
568,0.0
570,-3.130466531143738
571,-0.25797502030895664
572,8.61895606774495
573,0.0
576,13.927341216061775
581,0.0
582,-1.3486516350794295
584,0.0
585,1.133745544731001
586,0.0
587,-3.377086553788225
589,5.803882375484737
590,2.820996033575061
591,0.7087340742020191
592,6.027352529848512
593,1.0420693834054284
595,-5.801337588658272
596,11.415425345630467
597,-0.46808649984737
598,2.9566039251649046
599,2.3746886782030656
600,2.3090926279398
601,0.0
603,5.020454294951347
605,0.0
606,12.756567019279867
607,-6.156335473399485
608,0.0
609,0.13559904642942322
610,-2.35485739726264
611,-3.681159030320465
612,-4.0628391551729335
613,0.0
615,15.836054866275818
616,-0.7676886173791746
617,-8.45186872089702
619,-4.322842178465371
620,-2.3828317276558746
622,-3.2118568626337485
623,2.11033258263031
625,-1.3090466250593025
626,-0.17499554100900566
627,-0.5083973366839265
628,-2.7220373174058934
629,-1.736117519556572
630,-4.3219554330751935
631,0.0
632,1.7441666205424822
633,2.253929965950039
635,0.0
636,-2.7604730367956094
637,12.811241232240295
638,-4.024895096725299
639,0.43909430063128535
650,-0.5244016442258039
651,5.660411500023647
652,5.809498623759657
655,-0.4293439744836731
656,7.01226525494122
657,5.6209094117703255
659,-3.2006692930712526
661,0.0
662,-4.212577889676243
663,-0.6920145171109487
665,0.07148077335474921
666,7.614419721585348
667,1.3472735075321192
668,0.0
669,2.3477765357845013
670,0.0
671,-3.424772004198997
672,-2.303106962259536
673,0.0
676,0.6744384012317578
677,0.0
678,0.0
679,0.0
680,0.3732311620113351
681,9.890207714183589
682,0.0
683,0.0
685,0.04786231578902344
686,1.7958160061487352
687,-2.839366763306012
688,-2.0968123581502804
690,0.0
691,-2.3403795113963053
692,2.484662763617136
693,0.0
695,0.0
697,0.0
698,-2.2978284528528543
700,0.7094430203844074
701,-0.06625090802812722
702,-1.2627043854146611
703,-1.3778579875434789
705,0.6242621990167768
707,-2.6816160409583154
708,-3.639384287155935
709,12.393870529784351
710,0.0
711,0.0
712,0.0
713,0.0
715,-2.5669215257518463
716,0.0
717,-2.5198979894133955
718,0.0
719,-1.0196605093597133
720,-0.21244185920154968
721,-3.473992786600944
722,-5.7555294787654185
723,0.0
725,-2.0940721214456715
726,0.0
727,0.0
728,6.2479750906217095
729,0.2735082427993261
731,-3.0086522735890915
732,-1.0855883762505172
733,0.11136128166853043
735,-1.7025889637735914
736,-4.694660654569889
737,0.0
738,-1.8005199054161007
739,0.560718036257156
748,0.0
750,0.0
751,-1.1454361169212963
752,-1.8281226291368968
753,10.50466717403476
755,2.565520554019185
756,0.0786574986891237
757,-4.3592036921449635
758,3.3812500488262907
759,0.0
760,-4.711326812955036
761,6.992809229796918
762,1.1561868631779753
766,0.0
767,2.5983641425415853
768,-0.978758695568956
776,2.2355820999097182
777,1.3411010125877032
778,12.889529644722247
779,-7.015946182249093
780,1.003476753370086
782,-2.161926278242359
783,3.045239541881786
785,-1.4305022259935063
786,-1.1338369095996983
788,-2.7904891942161454
789,10.828673431340349
790,-0.929992987195008
791,-3.6556036105726353
792,-1.7326004833601882
793,-2.7362867649197296
795,4.32611880200098
796,-1.7744910698970544
797,0.8302244801520561
798,-4.194504571621802
799,2.4793728193072053
800,1.4255143053290462
801,-0.8538383141805914
802,-4.603803080115546
803,0.0
806,-4.199048453706704
807,-2.3713397073686604
809,0.0
810,-2.714012065923844
811,-0.4387231429845107
812,2.175919714063732
813,-2.2770848451653354
815,-2.6390115767544606
816,0.0
818,-2.0083304347846167
819,-5.230371476817457
820,-4.9641637985907
821,0.0
822,-4.524780744404674
823,4.8571144255941086
825,-4.309011352759342
826,-1.1428343954541145
828,-0.893243800974112
829,0.0
830,8.391791652058371
831,0.10408609002228578
833,-0.20307125269725806
835,-2.6539105658661497
836,1.9363764530735408
837,-0.973043387451058
838,-2.572837122403895
839,12.2325942056197
848,-1.3159106256910602
850,5.508862859634143
851,-0.8603835626641546
852,4.458103207220701
856,3.7355875551481694
858,1.485545895844425
859,-2.243951520346556
860,2.605361379312936
861,-1.8707677456774845
862,-1.521411803444012
863,-1.9959436171021518
868,-2.9924620236843533
869,0.3064557436520555
875,0.0
876,0.3679074335109909
877,77.84901727130622
878,13.320234813912721
880,-4.13392011471122
881,1.8241004232362727
882,-0.9961267875646024
883,2.0994548638153523
885,0.0
886,4.92386938776002
887,0.0
888,0.0
889,3.208613206365694
890,-2.5364811327336043
892,0.0
893,6.738163733494513
895,0.29457396860031204
897,3.4857088491380224
898,-1.3230241013801536
899,-1.8991131875000964
900,-1.0000136745385022
901,-1.0357974829880825
902,0.0
903,0.0
905,16.60331346524678
906,-0.4860925117971289
908,2.1688240107589887
909,-1.8733678207274984
910,0.0
911,-0.4300790694647839
912,0.0
913,-5.167292489517088
915,-0.1216034100084109
916,0.0
917,5.1409750775073535
918,-2.759563658639697
919,-1.7969063556214826
920,-1.286775175465224
921,6.065017990966858
922,-9.063521697986976
923,-7.377573154988941
925,0.0
926,-1.118150204995519
927,3.0855761596174287
928,0.014088905239860129
929,4.969895310422701
930,-1.2938388574260251
931,-6.748170237927211
932,-2.112301400611228
933,3.0601402149156254
935,0.0
936,-0.7871278162845351
937,-7.441233751879762
938,0.0
939,-1.9954100748931989
948,1.2764462086671808
949,-1.4090163043492367
950,0.0
951,-0.06456058906035851
952,0.0
953,0.0
955,-0.5828775767542022
957,8.215638956501621
958,1.636981076481469
959,-2.192608346458888
960,0.7068815485081708
961,-2.5906618093948643
962,2.001464794532272
963,0.0
965,5.936251339986353
966,0.3322255813956693
967,-0.2688123586127659
968,0.0
969,-0.736269466683811
970,6.691965820319201
971,-11.56419623599251
972,0.0
973,0.8125104224347572
975,-7.3673477359177495
976,-0.5226376640350562
977,-1.5350702789214241
978,0.9765615234384836
979,0.0
980,-5.64879629587322
981,0.0
982,0.0
983,0.0
985,-4.055427807949912
987,0.0
988,0.4574321692766612
989,-1.6032874363883602
990,1.0159672165437852
993,-4.79106428405783
995,-0.8147616391987101
996,-2.9456799861993583
997,-1.334034916404407
998,0.0
999,-2.9644357246767403
1696,-1.4019220286444858
1896,-1.2459546820069984
1979,1.1111736411031168
2001,2.753340690751404
2002,0.0
2003,0.0
2004,-1.102054429990683
2005,-4.94196007357041
2006,-1.0510771865086292
2007,0.9936875383955855
2008,0.2602309225634267
2009,-1.7185805508642915
2010,-0.7267258853408108
2011,-0.7754877743386283
2012,-4.449718232244117
2013,0.0
2014,-2.012667285557583
2015,0.0
2016,-2.2401831768744316
2017,0.3589922693270431
2018,-1.948759905823873
2019,-0.8358550292450856
2020,-0.60345779018877
2021,1.5944500823739107
2022,1.39412693366527
2023,1.5093144664114202
2024,0.5356521112313726
2025,0.0
2026,-2.11382721775931
2027,0.0
2028,0.0
2029,1.2841603703716666
2030,2.353220521911469
2031,1.204108607457334
2032,6.062105621572419
2033,-0.91816954436023
2034,0.0
2035,0.0
2036,-1.0287035471727075
2037,0.0
2038,-0.17786471741278556
2039,-6.36570565097178
2040,-3.3332614566873477
2041,-1.936863551403801
2042,1.7712259001716473
2043,3.9559639554593016
2044,0.3914233393706185
2045,-1.380800265740561
2046,9.934982608705587
2047,0.2391330855628639
2048,3.1376170153347034
2049,-0.8570820208053835
2050,2.2430974826421544
2051,5.640880178138878
2052,0.0
2053,0.0
2054,-0.9237679421447867
2055,0.12566070112543004
2056,0.5678274374357719
2057,-5.558358528391381
2058,-1.0726934114804672
2059,-2.7557871180715825
2060,-0.6867545172900404
2061,0.0
2062,-0.4595233188744086
2063,-1.16972030602897
2064,1.3980215513851009
2065,-2.2555822190728603
2066,-1.6797963994932463
2067,-2.146420092430996
2068,-6.351369628218478
2069,0.9719712800039256
2070,-1.330678870370979
2071,-0.8726968141691324
2072,0.0
2073,0.0
2074,0.9740149951344472
2075,0.0
2076,-2.2024526906472714
2077,0.0
2078,0.8135596318274473
2079,-0.9293556917325942
2080,-1.3476144091236777
2081,0.35090707001216603
2082,0.0
2083,-0.9695591899159862
2084,2.2756275862091697
2085,0.0
2086,-1.1169769496355624
2087,-1.6464198536221273
2088,-2.7301247539397275
2089,-2.7386495559619144
2090,-0.07294428695138504
2091,-1.5748763324359794
2092,-3.3839416014196178
2093,-1.3652659761232562
2094,0.07222396207082027
2095,-0.1388602815505487
2096,-3.8457105949749386
2097,-1.96460850508382
2098,0.0
2099,-1.7840392250187658
2100,4.181082714436903
2101,-1.293548764733853
2102,-1.9273877396033503
2103,0.0
2104,0.4548548121466226
2105,-0.959661542357742
2106,1.20994459209019
2107,0.5980506301423971
2108,4.526089895653446
2109,-0.24216640802635
2110,-5.903616474925375
2111,-3.174773172597562
2112,-1.4736647228426654
2113,0.0
2114,-0.9399553423081582
2115,0.0
2116,3.2681043171789708
2117,0.0
2118,-1.111718310411051
2119,0.0
2120,0.0
2121,-0.26968222514343165
2122,-2.194660220710692
2123,-1.6628370502426482
2124,-1.6457590496001375
2125,-1.47880333110798
2126,-4.848238758090243
2127,0.0
2128,0.7706854631047315
2129,0.0
2130,0.7739710162834433
2131,-1.9771086365931083
2132,0.0
2133,0.0
2134,0.0
2135,-0.33356509842909626
2136,-1.684301006212278
2137,-1.4332240940403038
2138,-0.1654250900746508
2139,3.2502022285372125
2140,4.738316371377515
2141,0.0
2142,-1.2028798617978622
2143,0.0
2144,0.3604355155074797
2145,2.7607334355855926
2146,6.100907024771779
2147,0.6821308579867074
2148,10.16873024374634
2149,-1.3263018832929885
2150,0.0
2151,-2.176682174993832
2152,0.0
2153,1.3333186584762913
2154,-1.9603734306588871
2155,-0.13631952045424786
2156,-0.9725631166026376
2157,-2.4129447142347664
2158,-1.2134023145455206
2159,0.0
2160,-2.613199630619212
2161,-2.186020105435305
2162,0.0
2163,-2.0224846703886974
2164,-4.699070792265761
2165,-0.6303066444898183
2166,3.613459857187484
2167,-2.0812256567025327
2168,0.0
2169,-3.448457779871758
2170,-0.958979675197798
2171,-0.6479117047443562
2172,-1.2798889083890652
2173,-1.449147158722223
2174,7.201643855612082
2175,4.265566345458471
2176,1.4270397947562687
2177,-1.7227789583099202
2178,2.530424111277092
2179,-0.7288372746217804
2180,0.0
2181,-0.7407394364216611
2182,1.3753214854296782
2183,0.2245346454293116
2184,-4.063388546949594
2185,0.0
2186,-0.08792526098005435
2187,1.9014042083587857
2188,-2.811763131510721
2189,0.0
2190,-0.6749827382583601
2191,0.6942606643824415
2192,0.0
2193,0.0
2194,2.8369146297019583
2195,0.0
2196,2.1722824719122777
2197,-0.3744275828598825
2198,-1.761065033873591
2199,-1.3966238547099892
2200,-0.4054893013104369
2201,0.0
2202,-1.7021016358041745
2203,-3.3352197312398415
2204,4.73274994975346
2205,-1.378025629291974
2206,-0.5476300666878405
2207,-11.129552732579675
2208,-1.381161451401986
2209,0.0
2210,-0.8384395696695323
2211,2.760699763998369
2212,-1.6494304577063563
2213,-2.662444142262082
2214,-1.5845903177233145
2215,-1.4912743137020057
2216,0.0
2217,0.9632123473407004
2218,-0.6560255850240652
2219,-1.663063481028485
2220,-2.2003139131541936
2221,0.0
2222,5.285882433105001
2223,1.4381492099337343
2224,-3.4902424005191524
2225,-0.4796976230913583
2226,0.0
2227,-1.6813744999124285
2228,4.2894828463154235
2229,-1.6415917791663492
2230,1.7299846187436685
2231,0.0
2232,0.11625953222895652
2233,-5.684245836383632
2234,-0.2728514413215597
2235,-1.476760070248038
2236,2.770146384035168
2237,-0.5103038325315437
2238,1.9404851112378112
2239,-2.46975559476052
2240,1.5638419443265907
2241,4.540213281825936
2242,-0.7476012120619518
2243,-0.4476152233650989
2244,-0.27242579212200224
2245,0.0
2246,0.0
2247,-2.3243924309128468
2248,0.0
2249,4.883905632435844
2250,-0.6797868996874982
2251,-1.417552954395567
2252,0.0
2253,-3.3570767639342844
2254,-1.3635878486066657
2255,-1.8691439132974632
2256,0.31408265881312364
2258,-0.0726904876325928
2259,0.0
2260,0.0
2261,0.17403873485791346
2262,3.173293907415885
2263,-1.0006104841857846
2264,0.0
2265,0.0
2266,-0.3511266532907705
2267,1.90688614483239
2268,0.1619288093028104
2269,-3.2823803399272813
2270,1.8846761919334163
2271,1.5412565264716682
2272,-2.216579348309509
2273,15.797351858646257
2274,1.0373253422918371
2275,1.030382989873021
2276,1.8043666666684648
2277,-3.812130235459149
2278,0.0
2279,0.0
2280,2.3671334048763857
2281,-1.7419335864817984
2282,0.0
2283,0.0
2284,-2.6218333344544726
2285,0.4229100329814752
2286,0.0
2287,0.0
2288,0.0
2289,-2.2868582948869487
2290,-2.414436543506579
2291,0.0
2292,0.4566364042022168
2293,-0.6665250044664106
2294,-2.886680685661976
2295,-2.551131226581669
2296,-3.544997766993832
2297,0.2353284986329191
2298,-0.07171815181330049
2299,0.0
2300,-4.1204564641316495
2301,-2.6619515255932105
2302,-3.947429000471117
2303,2.989308749463357
2304,12.190031483159569
2305,0.19665663716834167
2306,-4.906993011841527
2307,-1.221954341520015
2308,0.0
2309,-3.022681287337603
2310,0.3365655673564041
2311,-1.6987619278707018
2312,-2.6219047797993573
2313,0.0
2314,-1.254241884818009
2315,0.0
2316,0.0
2317,1.086699458909714
2318,2.08162260105657
2319,1.722496895524093
2320,-0.4814827232877227
2321,4.2147654702873565
2322,-5.321255459122602
2323,24.599370374721328
2324,-2.9893493443308965
2325,-0.2662868646988757
2326,1.4702245391107651
2327,0.0
2328,0.09451228070183833
2329,0.21805744885013825
2330,0.0
2331,0.7859946357401506
2332,-0.2995884785783657
2333,4.211867808034056
2334,-0.839466662491047
2335,0.0
2336,0.0
2337,-3.0034151125997584
2338,0.0
2339,-2.3112588624682977
2340,0.0
2341,2.32766946389992
2342,11.572944618845641
2343,-0.31840227199168664
2344,-0.32828243312507605
2345,0.0
2346,0.0
2347,0.0
2348,-2.3020581487753526
2349,12.550521528498919
2350,0.2446507940040681
2351,7.9149167139813
2352,48.2628690870245
2353,-1.8214331506845485
2354,5.1590623607371855
2355,0.0
2356,-0.8419989671795254
2357,0.0
2358,0.2794084339690699
2359,0.0
2360,-3.0507231002068216
2361,9.351537621260588
2362,-1.4804166255454303
2363,0.7379057939335214
2364,-3.8865669054120295
2365,0.0
2366,0.0
2367,0.0
2368,0.9091960640363695
2369,-1.6096429364373066
2370,0.0
2371,5.685714073211987
2372,-0.250409751882745
2373,-1.0001058782049408
2374,2.9744084892557927
2375,3.207044418006804
2376,-1.0618007945709045
2377,-4.685946472024167
2378,5.995855608494521
2379,0.0
2380,1.663102072540502
2381,-2.7194261287629984
2382,-0.6402156559672874
2383,0.0
2384,-0.5563992301561573
2385,0.0
2386,-1.1358444295438963
2387,0.2254717572526428
2388,0.0
2389,-0.3898507506627356
2390,-1.417776404127682
2391,-3.0760805295133733
2392,0.029035694794049074
2393,0.0
2394,-0.7958632179233892
2395,-0.6864817201602681
2396,0.0
2397,-8.792609545689034
2398,-1.8708731339017164
2399,4.663774421888887
2400,0.0
2401,-0.8281126968679193
2402,-0.6911693432652953
2403,0.0
2404,1.7987134047127171
2405,0.0
2406,0.0
2407,3.5028964239487674
2408,-3.2546203389863164
2409,0.08487445139573245
2410,0.0
2411,0.0
2412,-3.5652115681269385
2413,-1.9199048342095903
2414,-0.48624809632768495
2415,1.7358436596721516
2416,-0.2982175804831765
2417,-3.0625837879107527
2418,0.0
2419,0.0
2420,-2.1329590949886943
2421,-3.3486622316797825
2422,-0.2910428788009325
2423,-4.412300117470086
2424,-0.05500806397870837
2425,-0.4781759797229278
2426,0.0
2427,2.616506072277473
2428,4.94650585760324
2429,2.635521062388494
2430,0.0
2431,-1.039830164854214
2432,-1.745049120878931
2433,0.0
2434,-2.7639724816469933
2435,-4.157495247771148
2436,0.09614587627223996
2437,-0.12049257310573808
2438,-1.0560049783152057
2439,1.780552016005471
2440,1.545652056556074
2441,-1.9686327499713527
2442,-1.4165554810966272
2443,0.0
2444,-1.300703499804681
2445,-2.9014572387538573
2446,0.08849278630503317
2447,-4.012110571660924
2448,-0.2338462552958711
2449,-0.7904754904472856
2450,0.2465592549671828
2451,0.0
2452,2.431873192025042
2453,-1.7964443644113175
2454,-0.7925912187090972
2455,-3.3572849245655063
2456,2.7499441101158903
2457,-2.1957715084340315
2458,7.633438604848561
2459,-3.350747250563205
2460,0.8037232612634029
2461,-2.775294332626266
2462,-3.5047774246922545
2463,-2.8176433524729734
2464,0.0
2465,-1.7365966182344388
2466,1.4607256416439929
2467,-3.4900615647420765
2468,-0.7629090490521553
2469,-4.5413955962225945
2470,0.1332781963000701
2471,-0.5687916640400871
2472,0.0
2473,0.0
2474,-0.5326599663588097
2475,2.807955028091767
2476,0.0
2477,-0.8047777558412003
2478,-0.9375488993470728
2479,-3.382532916385183
2480,0.0
2481,0.0
2482,0.0
2483,-0.5447211025171615
2484,0.0
2485,-7.778588798828713
2486,-1.27108024871508
2487,0.058145808476623824
2488,-4.592748631726627
2489,0.5401498058451198
2490,-6.254858640059633
2491,6.0789109808684625
2492,0.0
2493,-1.574430126486818
2494,-2.1875285049257345
2495,-1.5251102287682938
2496,-0.4007954652814504
2497,3.616620406614482
2498,1.6851241439514402
2499,3.5542768934643174
2500,2.4959921072627824
2501,-1.3965391481381886
2502,-1.3503081758309925
2503,0.0
2504,-1.1311572971715778
2505,-0.841933391186389
2506,-1.9566464292190928
2507,11.366838593884106
2508,-2.3529405257709115
2509,0.0
2510,-1.5394607328722991
2511,-2.1972083884340354
2512,-0.9423291830718018
2513,0.0
2514,-4.005122916167388
2515,-3.420845276643401
2516,-0.4601106010631287
2517,-0.7175058329785907
2518,0.0
2519,0.0
2520,-1.1106069505082672
2521,4.62021290638519
2522,0.9321067463446886
2523,-1.2378600130082258
2524,-11.809368771512888
2526,0.0
2527,-0.1022719095765726
2528,-8.987057017535637
2529,-1.2686874926819105
2530,-0.20967952606656784
2531,-0.8720052582256802
2532,-0.8525675329908097
2533,-0.5407881876525876
2534,-5.381321952761293
2535,-1.5876996414248394
2536,0.0
2537,1.4244480494281018
2538,-0.40628683727872106
2539,0.0
2540,-1.264435760031919
2541,0.6046209561349449
2542,4.575859746176573
2543,-1.4576835606837129
2544,-1.2023285181380805
2545,3.244766590620224
2546,-2.8216795799328054
2547,-0.1775991541852618
2548,-2.1600760132562957
2549,-6.7641679423574095
2550,0.3611019108818739
2551,0.5264538036330838
2552,-6.446264407513808
2553,0.0
2554,-4.316039849718064
2555,0.7624881006161275
2556,-2.249640227716674
2557,-0.9877930346938282
2558,32.15596525138568
2559,0.0
2560,-3.4554239911451883
2561,-3.1337709808925363
2562,-1.9136463703413191
2563,0.0
2564,-2.5263897128653396
2565,2.6017335009818754
2566,2.042184207267149
2567,1.8376491599581428
2568,-1.6296570058061943
2569,0.0
2570,-2.198864606760278
2571,0.0
2572,0.0
2573,3.4569165305153176
2574,-2.361066550692997
2575,0.0
2576,0.0
2577,-2.3399868517110045
2578,0.0
2579,0.0
2580,-1.6231842598854174
2581,0.0
2582,-5.075388029332297
2583,3.787370725283304
2584,0.0
2585,5.884650925297183
2586,-2.6143532225963373
2587,-2.042555384879086
2588,0.0
2589,0.4505804053005235
2590,0.0
2591,-3.9792218795259764
2592,2.043787827835376
2593,-0.7071109444676859
2594,0.3318285346194364
2595,-1.109228357325407
2596,-3.2931787630449167
2597,-1.6832978839965684
2598,-2.4310240779599432
2599,-3.202622773246648
2600,-0.2842700884399534
2601,7.543993903762669
2602,1.5556563260125476
2603,4.499234600035369
2604,-2.345837768865538
2605,-2.7419107288139584
2606,0.0
2607,-0.2805171182405838
2608,22.825044082605995
2609,-1.3724890072405822
2610,0.0
2611,1.1498655864623268
2612,-1.351727692660845
2613,-3.117800248010204
2614,-2.167532032727826
2615,-1.6183970187409809
2616,11.415003935261213
2617,5.0633998036296815
2618,-3.7405974071515984
2619,-4.116424070422285
2620,-4.683433358161118
2621,-3.620955268328749
2622,-0.6528761244342195
2623,-2.7220963915216467
2624,8.191532057203766
2625,0.0
2626,2.523072561809924
2627,-0.6117810418738778
2628,-6.172534053519683
2629,0.0
2630,-1.0430521788475768
2631,1.7546617480737303
2632,-4.4777699136211435
2633,-17.059982940017058
2634,0.0
2635,-2.857578828030604
2636,3.0644948133650662
2637,-0.6242294919605348
2638,0.0
2639,-1.6349987747700383
2640,-0.11760082320668852
2641,-0.2472932626259381
2642,0.0
2643,4.9093933060856285
2644,3.079816813756663
2645,-3.7952960754425975
2646,0.8133003481977309
2647,-1.2017557528562506
2648,0.0
2649,-1.4573117567717206
2650,-1.6795598368039992
2651,7.123041799783765
2652,0.0
2653,-0.4929410043425719
2654,-1.9754758161273671
2655,-2.056922683028948
2656,0.0
2657,-0.7395767062160007
2658,-0.9532992370963556
2659,-4.3765394550293175
2660,-3.2951216876155027
2661,-1.1900801646616272
2662,3.2138783402521827
2663,-2.4755265444157675
2664,0.0
2665,-1.3449495769991584
2666,0.0
2667,0.0
2668,0.0
2669,0.0
2670,0.0
2671,-2.8867142519390745
2672,-1.3392172359749248
2673,0.0524445827076326
2674,-5.969668508117512
2675,0.0
2676,0.0
2677,5.331250276248409
2678,-1.22870398167028
2679,-2.8477077110984683
2680,0.12421466089377405
2681,0.0
2682,-1.737327561099032
2683,-6.797132014094872
2684,-4.262254182995738
2685,0.0
2686,-0.5721387313438643
2687,-2.331294161798286
2688,-1.1971059414280127
2689,0.790850943527042
2690,-0.9151841620527889
2691,0.0
2692,0.0
2693,-6.233719822636359
2694,0.0
2695,0.0
2696,0.0
2697,1.939471336791656
2698,-3.148515302675395
2699,4.194849277546283
2700,5.38811006180504
2701,-1.1213391345084531
2702,-3.0306218117405583
2703,-3.8931311579132437
2705,0.0
2706,-2.5009124679785812
2707,-1.4111855851634107
2708,-1.6606133255482312
2709,1.905225189036423
2711,-3.533309899552716
2712,0.9913939910323704
2713,0.4070792389384527
2714,7.857820368298888
2715,0.0
2716,-1.8236851178364328
2717,0.0
2718,0.0
2719,-1.2940469271636692
2721,-2.401434679022913
2722,-3.2676866129112367
2723,-2.3907187138158554
2724,0.0
2725,0.0
2726,0.0
2727,-0.5352380256367767
2728,-1.5250180819073067
2729,0.06980436334930296
2730,-4.024696343121974
2731,-1.2892659725250073
2732,-2.0959039553111727
2733,-0.5936841662323089
2734,-0.7712944727878225
2735,0.0
2736,1.1891948383843831
2737,-4.934620672810805
2738,2.487724087780604
2739,1.6082608289094766
2740,0.0
2741,-1.9152601081329383
2742,7.124765478899096
2743,-3.2083260452396654
2745,0.0
2746,-3.5121622517445363
2747,0.0
2748,0.0
2749,1.476227746136532
2750,0.5167320288949224
2751,-0.987450636801734
2752,-4.672238673768927
2753,0.0
2755,0.0
2756,-0.06954880263165224
2757,1.2118860903138242
2758,0.0
2759,2.9941534938134535
2760,0.14128941263100778
2761,0.0
2762,8.507095819830175
2763,-1.02814561014459
2765,0.0
2766,0.0
2767,-2.537125120635441
2768,0.7506375000007386
2769,-3.278948363629052
2770,3.2688879340821417
2771,-0.3565588471256132
2772,0.0
2773,0.0
2775,-1.0197244388059599
2776,-1.759389586307047
2777,0.0
2778,-2.5516361109981625
2779,2.4815803966325403
2780,1.7296414415079786
2781,0.0
2782,-2.3475441974086664
2783,0.0
2785,-1.5434234380481444
2786,-2.510804706304653
2787,-0.5446353312308202
2788,-7.737578894909476
2789,0.0
2790,0.8878268318699789
2791,0.0
2792,0.3551881543915041
2793,-3.5528841823526736
2795,0.0
2796,-3.8161940105934606
2797,1.8253476744204324
2798,5.731984972894951
2799,1.39150804245423
2800,4.163220683962525
2801,-2.0360902643400283
2802,-2.751489459895025
2803,0.0
2805,-1.9999980000019928
2806,0.0
2807,58.415783168375256
2808,3.166854899465024
2809,0.0
2810,2.4427285886715846
2811,-2.3440454841434484
2812,0.0
2813,0.0
2815,10.589967193296198
2816,-5.583528465081135
2817,-4.293690837993117
2818,7.972748437507968
2819,-6.377959829427267
2820,5.717048546517344
2821,0.0
2822,-0.7217807327550231
2823,1.1134892505364369
2824,0.0
2825,-1.6326514285730611
2826,-2.802168658101724
2827,2.285511075951648
2828,-1.1154040453407932
2829,0.0
2830,-4.2026536046553655
2831,1.9404807432058453
2832,-0.5302563203651617
2833,-7.039330434789648
2835,-5.577293835622019
2836,13.91193577359882
2837,2.926388456017281
2838,0.0
2840,-1.6060292035414356
200011,0.0
200012,-0.8143503129898568
200016,-1.4043012929655472
200017,0.0
200018,0.4873007722490825
200019,2.8929670912351098
200020,1.6770230837542628
200022,2.975622768283661
200025,-1.7841300762113854
200026,0.6598978172595558
200028,0.0
200029,0.0
200030,0.9111385029890582
200037,3.1410427268325494
200045,0.0
200053,0.0
200054,0.0
200055,0.0
200056,0.0
200058,0.0
200152,1.606621799061812
200160,0.0
200168,0.0
200413,0.0
200418,0.0
200429,0.0
200468,0.0
200488,0.0
200505,-1.4695564811989683
200512,0.0
200521,0.4479014851489752
200530,0.0
200539,-0.9401524592224972
200541,0.0
200550,5.401212086336344
200553,-1.15834540483448
200570,-0.4168540220824339
200581,-1.1619897822654215
200596,0.6689690714152083
200613,0.0
200625,0.0
200706,-1.1963216849275278
200725,12.036061498451149
200726,0.0
200761,4.209069449719574
200771,0.7256123648684413
200869,0.0
200986,0.0
200992,-0.4993551707479066
300001,3.864037214090755
300002,-1.6303305960987045
300003,-0.26098925195011724
300004,-1.2017737629031653
300005,0.0
300006,-4.059188683744397
300007,-1.1274116059014216
300008,6.007930209748879
300009,6.2590970590872805
300010,-2.5914705172048302
300011,0.0
300012,-0.19398918229943826
300013,3.849682168834049
300014,20.233127185238896
300015,-2.9911474513304386
300016,4.064387124187063
300017,0.0
300018,-1.990281257684536
300019,0.399821696716457
300020,3.2616610665408112
300021,-0.3717028961336234
300022,-4.845675736009314
300023,2.612834497709746
300024,-1.711326329853894
300025,0.0
300026,2.597471970077425
300027,2.001955467570299
300028,0.0
300029,-1.9986052437345887
300030,0.0
300031,0.0
300032,0.3325254382218004
300033,-6.534858582099776
300034,1.1928548227167441
300035,1.1368672039078525
300036,-1.1468504469894631
300037,-0.5351102754934101
300038,0.0
300039,1.760407900607074
300040,0.0
300041,0.0
300042,4.088381906494267
300043,0.8125951706459743
300044,-2.871326124322543
300045,0.0701609579548004
300046,-2.93746353395201
300047,-2.3485221249134764
300048,-0.2348719144957324
300049,1.8197112786332952
300050,-0.7222064203737525
300051,0.0
300052,0.0
300053,0.5339452959079586
300054,0.0
300055,-1.5431904260174438
300056,0.0
300057,-2.165725911506597
300058,-1.7120748711357403
300059,-0.35804891660651045
300061,1.9506070752751905
300062,0.0
300063,-1.2250790217723408
300064,0.0
300065,0.0
300066,-0.15721319065686346
300067,-0.6855732826367639
300068,0.0
300069,0.0
300070,0.0
300071,-3.3681676532100147
300072,0.0
300073,4.371015472085592
300074,0.0
300075,-1.6717976184280596
300076,0.0
300077,-1.137588225305603
300078,2.7908656833371444
300079,-0.4239360311802497
300080,-0.5139265162814016
300081,0.2809496372813392
300082,6.190965969960469
300083,3.5444640664353635
300084,0.08109395112248878
300085,-2.883754920228813
300086,0.0
300087,-1.4655874369419066
300088,0.0
300089,-3.0167955784495817
300090,0.0
300091,-0.820897110181905
300092,-0.8860054260656762
300093,-3.0471219407574304
300094,1.8400516239715603
300095,-1.1531000964708873
300096,-1.6030249713244444
300097,-4.014600723448011
300098,-1.3426680624497405
300099,-6.799548741041845
300100,0.0
300101,0.2643802880973293
300102,-0.4345584075325463
300103,-6.522777589804745
300104,0.0
300105,-1.7785421725271386
300106,-3.419720021531937
300107,-2.0853027680161462
300108,-0.056619986659602675
300109,0.0
300110,0.0
300111,-1.1323294405960538
300112,0.8033302868446721
300113,-0.016348104202700872
300114,-2.2037501834551425
300115,8.132854199679567
300116,0.0
300117,2.1960304760815528
300118,-0.5831652309780287
300119,-0.7847696617113853
300120,-1.875488577035601
300121,-3.0491309040770567
300122,6.023116892662249
300123,0.0
300124,-0.13654983585868366
300125,-3.0795997770454053
300126,0.0
300127,0.8923069935924743
300128,3.3947954099418363
300129,-3.466588649709933
300130,0.0
300131,-3.566290282434467
300132,-1.6344325936796924
300133,10.139562931044622
300134,0.0
300135,7.1962715341188455
300136,0.0
300137,3.965563303998549
300138,-0.42701532348561055
300139,-1.6191370276339578
300140,1.1725057660637936
300141,-1.4648790916744627
300142,9.786492488788577
300143,0.0
300144,1.1902060969900583
300145,-4.443734645298837
300146,1.229106650207434
300147,-1.553248607812637
300148,0.0
300149,0.0
300151,5.5097090776648034
300152,-1.6394462740755669
300153,1.5127343555508177
300154,-2.290824218547098
300155,1.639097070594134
300156,10.911453873844394
300157,-0.43613501533355103
300158,0.0
300159,3.719390686401416
300160,-7.975641589844306
300161,-0.11713466425618155
300162,0.2101265437540338
300163,-2.1814893159497157
300164,0.0
300165,0.0
300166,-1.831651690849725
300167,7.643436037811713
300168,-2.2463606325728893
300169,-3.776218550509748
300170,-0.4268355477386416
300171,-0.8071526151042976
300172,1.40124296079863
300173,-2.785713229992756
300174,3.8109046051092816
300175,-0.9946980046831192
300176,12.630723151402936
300177,-4.284070247089403
300178,-1.9022934727755472
300179,0.0
300180,-0.7786901011443943
300181,-2.643327567362901
300182,0.0
300183,9.564940959573583
300184,-0.9305227498444516
300185,1.933029448400496
300187,-2.060200474092655
300188,-0.3912094614831064
300189,0.0
300190,-1.0964137132441467
300191,-1.7589558957672469
300192,-3.5086014259096903
300193,0.7538158385890339
300194,-0.8392041532464859
300195,4.637854183271583
300196,0.4221279937795602
300197,-1.8236266534135712
300198,-0.10128317139925024
300199,0.6913587240131308
300200,0.6375992354099239
300201,0.0
300202,-3.8851668013676974
300203,-0.607898225544304
300204,-1.0296384393505489
300205,-2.947233566689301
300206,4.022726648725425
300207,0.0
300208,-2.474113676082003
300209,0.0
300210,-3.448683191378764
300211,0.0
300212,0.0
300213,0.0
300214,0.0
300215,6.094900171568698
300216,0.0
300217,0.4791453585109757
300218,-1.862273586828213
300219,-2.1445433526937907
300220,-0.6041488712725603
300221,1.5260225164270282
300222,0.5301873274411794
300223,0.0
300224,2.348562417413944
300225,0.6593405347369817
300226,3.6158370893216056
300227,-0.2913714127426517
300228,-3.0309421818473523
300229,-2.1196830329270155
300230,0.0
300231,0.3956313958218644
300232,-1.263154391249644
300233,-0.2463292486952909
300234,-3.2719543215092384
300235,-0.4648058106924682
300236,0.0
300237,-1.3462902775455052
300238,0.0
300239,-1.8117655718693528
300240,1.6858830059658925
300241,0.0
300242,0.0
300243,0.0
300244,0.0
300245,-1.3540346878403766
300246,-2.286859391995548
300247,-2.2016457939101803
300248,-3.68480244595258
300249,-1.2032845215730246
300250,-1.0084620646628977
300251,-4.478964297801174
300252,0.0
300253,0.4770662185817361
300254,-1.1786813001675058
300255,0.0
300256,3.0173212008925527
300257,4.971183136987526
300258,7.750458598155552
300259,-0.5622747885880068
300260,-0.4814612679812921
300261,1.5038355173971325
300262,0.0604261030425599
300263,-2.747305125077984
300264,-1.5663645498222143
300265,-1.38379713138001
300266,0.0
300267,-1.0935669147157456
300268,8.137982534984527
300269,-2.042556217001533
300270,1.9372397207076424
300271,0.0
300272,0.0
300273,-1.5587153055620295
300274,0.5773800295949513
300275,5.528068388065221
300276,0.0
300277,-4.224658173983919
300278,-8.628186848229628
300279,-1.413986054867515
300280,-4.031512309158486
300281,3.3509853029395984
300282,-3.3870671226218687
300283,-1.6210940614812277
300284,-2.865315156172764
300285,-1.0442015587382565
300286,-5.9221486188364825
300287,-0.45069295219002203
300288,0.0
300289,0.0
300290,-2.066492680733815
300291,1.9270139154807664
300292,0.0
300293,-2.806908150335328
300294,-0.1412690299706035
300295,-1.8628379329396303
300296,0.0
300297,0.0
300298,-0.2390085391312084
300299,16.42938524929082
300300,-2.1270113414114933
300301,0.0
300302,-1.7127790622299073
300303,-4.292993448213377
300304,-6.5265429871784875
300305,0.0
300306,0.0
300307,1.8277001307353364
300308,0.0
300309,0.0
300310,5.072764075077352
300311,-8.212442155405121
300312,5.352724253855368
300313,-1.5644556728248056
300314,-0.09825390161333453
300315,0.0
300316,-0.3923977115224085
300317,0.08175863917158697
300318,-0.2317349075756278
300319,0.0
300320,0.0
300321,-1.1612800578535816
300322,-2.516214265539213
300323,-4.737898487907957
300324,-2.064818197685894
300325,-4.223121007761895
300326,-1.9142864067301308
300327,0.0
300328,2.554662957352636
300329,-1.383149052475802
300330,-1.1618097311249524
300331,-1.8207590102611624
300332,-2.8865959082283594
300333,0.0
300334,-1.8497682064402887
300335,-0.6980335174248116
300336,0.0
300337,-4.659250385175573
300338,0.0
300339,2.3449319820654893
300340,0.0
300341,-5.1782648419481205
300342,-1.3396200406614658
300343,-0.20177455978868453
300344,0.0
300345,0.0
300346,4.920926833015541
300347,-0.3828066495699109
300348,-0.3168470903757962
300349,-1.1369082235411077
300350,1.450376909195153
300351,-0.283382117148194
300352,-2.808688248345831
300353,0.0
300354,-0.17966991817431402
300355,8.869880843451206
300356,-2.4551513879563527
300357,-1.4903742190277682
300358,-1.9686299168726948
300359,-1.2061507650234486
300360,-1.2516426647330057
300362,0.21152808038097426
300363,-1.7447619768707188
300364,0.0
300365,-1.6228774515775892
300366,6.477873562133322
300367,0.0
300368,0.053376508382143625
300369,-0.8976888712880134
300370,1.0253571746945849
300371,-2.3349506938798803
300373,0.0
300374,1.7205726989682981
300375,0.0
300376,-2.314369084145572
300377,-3.1501543577210205
300378,0.0
300379,12.299169764896453
300380,-2.1663180587982334
300381,-2.89520678713381
300382,-1.0793625746996505
300383,-3.57248656859962
300384,-0.5784350260253655
300385,-3.992074114640338
300386,-0.4712213396167527
300387,0.0
300388,0.3168973897244222
300389,0.23857909786477194
300390,4.078884311971808
300391,-1.0010689831532922
300392,0.0
300393,-1.0060133658239372
300394,3.0718656162943185
300395,-9.653836500009655
300396,-0.4347245802142508
300397,-1.9253954829251791
300398,8.64300814125059
300399,-6.414657563392737
300400,0.0
300401,0.0
300402,-0.4976180422269853
300403,0.0
300404,0.0
300405,-2.362202362207104
300406,-1.608067625571837
300407,-1.0433321532602626
300408,0.3797758871018457
300409,0.0
300410,-0.022684767617032482
300411,0.0
300412,0.0
300413,0.0
300414,-1.0130092804590258
300415,-2.4838035113415886
300416,4.018557048253774
300417,0.0
300418,0.0
300419,0.0
300420,0.0
300421,0.598876119403589
300422,0.0
300423,0.0
300424,-1.6872679162385604
300425,1.4689044780093217
300426,-0.8309093283421733
300427,-2.6741389638992796
300428,0.0
300429,-2.48632904715578
300430,-1.0213814617642831
300431,-2.943624119070902
300432,12.796633397353801
300433,4.674310941097201
300434,-2.448097288282331
300435,0.0
300436,3.1348445879256497
300437,0.0
300438,2.896224093282916
300439,-2.173606996088256
300440,0.0
300441,-1.246154718411287
300442,-3.7666206048254254
300443,0.0
300444,4.003335775184168
300445,1.905547472416584
300446,0.774001843948217
300447,-2.765734909114747
300448,0.0
300449,0.0
300450,0.0
300451,0.08365781132364603
300452,0.0
300453,-4.221894981888683
300455,5.008041493531788
300456,7.939576368383284
300457,0.0
300458,-0.546507119591694
300459,0.0
300460,1.5166140360474096
300461,3.9048706946848295
300462,0.0
300463,0.3159436227243428
300464,0.13153577534254224
300465,-1.8844151240728648
300466,8.975652804588863
300467,0.0
300468,10.809035767779497
300469,0.0
300470,-0.638546520211509
300471,-1.5918589589006962
300472,0.0
300473,0.0
300474,-3.5853209664321795
300475,0.0
300476,-0.4460646227922514
300477,6.941298803730542
300478,4.076552013221326
300479,0.0
300480,-3.547477683538417
300481,-0.8314630149911413
300482,1.9663530691952715
300483,-1.0639403074392004
300484,-0.7951074761694427
300485,0.0
300486,0.0
300487,0.0
300488,4.267595207699938
300489,-1.964203916876543
300490,0.0
300491,-2.201478415769541
300492,0.0
300493,-4.852928323251949
300494,-1.7317469949083468
300495,0.0
300496,4.545705879873943
300497,0.14819161784205107
300498,0.0
300499,-1.91214960431156
300500,-1.0445956766345408
300501,-5.052975153574899
300502,-7.081648745748797
300503,-3.0766747489270365
300505,-6.958306562061168
300506,-4.3106421768376535
300507,2.185175387546669
300508,0.0
300509,-0.3242364739513263
300510,0.7471972602747262
300511,2.8744959713307834
300512,-0.8070594828592744
300513,0.0
300515,-2.771806424583776
300516,-1.9251317647078048
300517,-3.0526803545082104
300518,0.0
300519,-3.4078178212324555
300520,0.0
300521,0.02028807060257256
300522,-6.707539281698611
300523,-4.485377973572758
300525,-3.790080458519061
300526,0.0
300527,-1.952786464306548
300528,-1.4122379959664364
300529,-1.3502972734368115
300530,0.0
300531,0.0
300532,0.0
300533,0.0
300534,-9.628276863110257
300535,0.0
300536,-0.5747120689660797
300537,-9.537846902664413
300538,0.0
300539,-4.575324039438354
300540,0.0
300541,-6.005094852776706
300542,0.0
300543,1.1560682080936464
300545,-3.525728632360654
300546,0.0
300547,2.823812229497181
300548,0.0
300549,0.0
300550,-0.4953759907534746
300551,2.424347248277074
300552,-2.8426762850495733
300553,0.0
300555,0.0
300556,0.0
300557,0.0
300558,2.3123886125677418
300559,-1.663406296904497
300560,2.2753672645762624
300561,-3.5015663571463747
300562,22.59036820974875
300563,-6.208327125006202
300565,-3.907143660986207
300566,-0.4745374288673433
300567,0.0
300568,-4.832593919773795
300569,1.5607565217406818
300570,-0.5846768346780024
300571,-2.525421203392359
300572,0.0
300573,0.0
300575,0.0
300576,0.0
300577,0.0
300579,0.0
300580,0.0
300581,-7.121443982656965
300582,-5.958543264254674
300583,-0.05152488451662088
300584,2.166743005183518
300585,0.0
300586,10.120835800614357
300587,-4.181138782341991
300588,-3.403690527707887
300589,0.0
300590,-1.5908185943424424
300591,0.0
300593,-8.39060456599089
600000,-0.8310695825710771
600004,0.0
600005,0.0
600006,4.629701617712531
600007,0.0
600008,3.3340949513195866
600009,-1.6484899634897925
600010,5.425908877736903
600011,5.564535648528119
600012,-2.4496173598400293
600015,0.0
600016,0.0
600017,3.967269882683815
600018,-4.647726816677452
600019,-6.2923776408513605
600020,3.0336205894257118
600021,-2.3657605263181485
600022,1.2842018073433414
600023,0.5061795997650812
600026,-0.2666769145883501
600027,0.589135737010131
600028,0.0
600029,0.0
600030,0.8473179271127117
600031,1.8129708769137511
600033,2.241951143176504
600035,-2.1314475000021296
600036,0.5816197469488443
600037,-0.8347367911596832
600038,0.0
600039,1.3898119705011294
600048,3.121703248068439
600050,1.6722741524551703
600051,-3.1613448851806165
600052,-1.3633775507741026
600053,0.0
600054,2.457995944375397
600055,-0.7664334091507651
600056,0.0
600057,-3.1293055795931988
600058,-1.6822275754594367
600059,4.588513255052337
600060,5.7064165039457
600061,0.4495571901544815
600062,-3.103447946994203
600063,4.664615981865331
600064,-0.7143726044129789
600066,0.4923574526665574
600067,-1.6434632660646362
600068,6.221013205667001
600069,-4.055984114854404
600070,-2.119928359480272
600071,-0.7467992229046398
600072,-0.9385870941230898
600073,1.4587480116230178
600074,-1.8396807729442723
600075,15.584065422240796
600076,-2.553449714015902
600077,0.0
600078,2.7695302321139743
600079,-0.5385809723645755
600080,0.0
600081,-1.071363025788824
600082,5.021682587314409
600083,-12.369179761418819
600084,-0.6983753881010529
600085,-0.1968871653674028
600086,0.0
600088,-2.6207097260863454
600089,4.5546891896791815
600090,0.0
600091,3.09983921072596
600093,0.0
600094,0.0
600095,-1.6376279727572034
600096,-1.4523816722632343
600097,0.0
600098,0.0
600099,0.0
600100,-0.8596577655891698
600101,-1.613466529112093
600103,-0.7110223002678774
600104,0.15729340111360568
600105,3.2956348303748806
600106,6.31457162364282
600107,-3.341678704195288
600108,0.0
600109,-0.3742112952612381
600110,0.0
600111,1.50422978722682
600112,-1.7546587341948443
600113,-1.3472227602836906
600114,-0.9579366290767628
600115,0.7177772911689334
600116,-0.5872450289387383
600117,0.0
600118,-1.9259530856834768
600119,-2.3949973797317834
600120,-3.454069897478833
600121,2.4424195486651405
600122,-0.9830218517260424
600123,3.953333700587219
600125,2.0243721521759284
600126,3.7010705056216695
600127,8.247593688245423
600128,-2.2355957248263567
600129,-1.436419304209891
600130,-1.7500102535173336
600131,1.2941837246737184
600132,1.1192372652021276
600133,4.047981581990205
600135,2.5290734864973765
600136,0.0
600137,-2.7648834613140494
600138,-0.36997239222473294
600139,4.258460461105316
600141,-2.0023567434194307
600143,0.0
600145,0.0
600146,0.0
600148,0.0
600149,5.185109741065609
600150,2.7087233256642627
600151,0.0
600152,0.0
600153,3.3305735705243014
600155,-5.016306269212142
600156,-4.236087263489129
600157,0.975747459441147
600158,0.0
600159,3.2080881355964275
600160,-0.9520638394302536
600161,0.0
600162,-0.7687592710173667
600163,-0.4361576120587145
600165,9.155151688402443
600166,-1.7006488691454893
600167,-2.6630118694388663
600168,-0.37415228013067503
600169,7.635748837448792
600170,1.4134950838002849
600171,0.0
600172,4.907977403185341
600173,0.0
600175,-1.361886568251694
600176,2.0073446217903523
600177,0.4231787643344395
600178,-4.28995134270035
600179,-2.066615022116438
600180,-1.1603724746755484
600182,0.9971630317455724
600183,9.406315478088306
600184,0.0
600185,-0.3378201107011918
600186,-1.3699149562185269
600187,6.7475483356356625
600188,-3.2181177031212065
600189,-1.4680334778190514
600190,2.3368228041925017
600191,0.0
600192,0.4049733572899307
600193,-2.090037218721968
600195,1.1110463661886034
600196,-1.8850633705066056
600197,0.0
600198,5.151446842439488
600199,3.6359452691642087
600200,0.0
600201,5.129816180775327
600202,-4.394794270455832
600203,1.70583032758183
600206,-0.2539288626716715
600207,0.0
600208,-1.3147679263742158
600209,17.674660397023874
600210,-0.8804244375704924
600211,0.20978392358417985
600212,0.0
600213,-0.9533233007314138
600215,-5.577110996124599
600216,1.4226990181587855
600217,5.867798665549163
600218,-0.4529435373012846
600219,-1.358351986218505
600220,0.0
600221,0.8924324124190187
600222,-1.5758178502837412
600223,3.107876162967544
600225,0.0
600226,0.0
600227,-1.3762111721713042
600228,0.0
600229,-0.2655093834998223
600230,0.0
600231,22.03199425374646
600232,-1.8060493758853409
600233,-3.9883223711675697
600234,0.0
600235,0.1838233455884173
600236,-1.0681643167038908
600237,-2.8389525311438564
600238,-1.254890510234733
600239,0.0
600240,3.554687606620871
600241,0.0
600242,0.0
600243,-1.7212073273799686
600246,0.0
600247,0.0
600248,0.19299882757307527
600249,-0.9962699448999988
600250,0.0
600251,1.7474481249923908
600252,-0.2112169725539257
600255,0.8908013279253825
600256,2.8825806057788776
600257,0.0
600258,0.0
600259,0.7076498507469714
600260,0.0
600261,-1.2362773307999138
600262,0.0
600265,0.0
600266,3.581999878873043
600267,-0.7929300630724038
600268,0.0
600269,5.201667434234248
600270,5.2756793999668385
600271,-2.2423549083719707
600272,-2.673705859055314
600273,-2.3201832946658847
600275,0.0
600276,-3.0373859374910084
600277,-3.73821933948304
600278,0.06316923053790459
600279,7.1275893115798175
600280,-0.026584848047115164
600281,15.403875133546554
600282,0.0
600283,-1.7712654028453634
600284,-2.4161277092535363
600285,-0.24545384461278025
600287,-1.5017872009170956
600288,0.0
600289,3.0848634227670555
600290,-0.9733601805669287
600291,0.0
600292,-1.1584854058716214
600293,-2.2747204566899217
600295,-1.7941972535736288
600297,1.1799138869614585
600298,-0.8401391831980654
600299,0.0
600300,-3.9999057853376283
600301,0.0
600302,0.0
600303,-0.5617464262053902
600305,0.0
600306,1.2128090960785145
600307,18.969036271873204
600308,5.010343617455204
600309,0.0
600310,0.21130391107098684
600311,-0.2734436449966981
600312,-1.2997898749012742
600313,-4.4810228281567905
600315,0.035010963727313216
600316,-3.317053567049775
600317,3.4362209855168624
600318,-0.9478271186450294
600319,15.719310035296006
600320,1.5955479065412812
600321,-2.292043365231567
600322,-0.7126740730724446
600323,0.6024435997481515
600325,-2.1522231368750413
600326,13.246541117930555
600327,2.171171221338584
600328,0.0
600329,0.1058517368524334
600330,-1.6213161209820792
600331,-4.115488235298227
600332,1.2198136648522588
600333,15.24826364436857
600335,-0.3341424171735105
600336,-1.6740673385735838
600337,0.07468455250337631
600338,-1.1122668478133857
600339,-4.473040856035606
600340,0.8263286823073259
600343,-2.753005219333839
600345,-1.3477380742062943
600346,0.0
600348,2.4538623376411364
600350,-0.4389878757441483
600351,-2.3332463180557337
600352,0.3930752911327721
600353,-5.4446686389204
600354,-0.4530394830019313
600355,0.20595107591810247
600356,2.317608258530131
600358,0.0
600359,0.0
600360,-0.6538964131360121
600361,4.455673564270632
600362,-3.241659277006732
600363,-0.4155675319790509
600365,3.5796730946918065
600366,-0.7630749623472893
600367,3.560284704747032
600368,6.05707869853173
600369,0.0
600370,0.0
600371,-1.8605151888493967
600372,0.6413118120811692
600373,-0.6541440398181776
600375,0.0
600376,-0.3772945561913634
600377,2.2569582462329403
600378,-0.4835939136470849
600379,-3.4734517822300264
600380,-0.10484674950788207
600381,-4.600354179793337
600382,0.0
600383,0.0
600385,-3.795815137956321
600386,-1.4543326768938971
600387,0.0
600388,-0.8176856178714556
600389,-3.078662489706547
600390,0.6213209566187446
600391,0.1859928477226123
600392,-1.761061982340373
600393,-2.9750825464078607
600395,0.0
600396,0.9775074159917184
600397,6.442015361750758
600398,-4.582608822244572
600399,7.356516466319902
600400,0.0
600401,2.607108987676797
600403,0.0
600405,-0.3686819156591628
600406,0.0
600408,-3.547333591210691
600409,0.0
600410,0.18861825983782007
600415,-2.7979701856034325
600416,3.2138233823771523
600418,-3.2674175529524123
600419,0.0
600420,0.34983602877439945
600421,0.0
600422,1.3109371596615125
600423,0.0
600425,-5.658675521168008
600426,-1.1922970320990491
600428,4.341251984749968
600429,-0.4683950312550135
600432,8.0664641220704
600433,0.3817965268801091
600435,-0.8651475283129253
600436,3.676362107270896
600438,0.0
600439,-7.058352192589768
600444,0.0
600446,-3.1336628682891265
600448,-0.5700203811735483
600449,9.870082988586603
600452,-2.221924703312565
600455,0.0
600456,13.916020061278305
600458,-0.7237492903185243
600459,10.724244621011351
600460,-1.6705540209240723
600461,-1.640969913455096
600462,-2.9999157014744973
600463,4.8558407233491625
600466,-4.596982512817133
600467,0.0
600468,1.1936928090238763
600469,0.0
600470,-0.9099049748637664
600475,-0.3601816740211493
600476,-3.857454431401648
600477,-1.0264477441497737
600478,0.2992564807799332
600479,0.0
600480,0.0
600481,0.0
600482,-3.666133837994694
600483,-0.17155840077593393
600485,0.0
600486,1.4223987461820098
600487,-2.7645786165981363
600488,2.2468236473805785
600489,-1.74332136076677
600490,0.0
600491,1.801372155673259
600493,-2.7307771678586965
600495,0.0
600496,4.336083559493495
600497,-2.9550105322418387
600498,-1.879255443943542
600499,-0.4907845923095685
600500,0.0
600501,-1.9750701283103
600502,2.355029634408784
600503,-1.5664556279060633
600505,2.272792170831296
600506,-7.459071005424835
600507,-2.884423907769878
600508,3.3008087573790266
600509,4.598692965583077
600510,-1.3049957291019159
600511,0.8226699127370727
600512,-4.08017546635208
600513,-2.7907861664295885
600515,-1.572259791864648
600516,-0.9228378293428636
600517,0.603126053471826
600518,0.0
600519,0.0
600520,0.0
600521,0.0
600522,0.0
600523,1.2243888705700663
600525,0.0
600526,-0.4307831125782819
600527,0.0
600528,2.9222137530424024
600529,-2.7393482131010294
600530,-1.2338188976390176
600531,-1.3143511229411668
600532,0.0
600533,1.2769701688285469
600535,0.0
600536,0.5644346557104108
600537,-1.968173530049859
600538,-0.6498420560754039
600539,8.231338931161664
600540,-0.698482525895832
600543,-1.1662934765636828
600545,-2.7382927887710853
600546,0.0
600547,-2.143979710670044
600548,0.0
600549,10.342872050441411
600550,-1.0937347826097925
600551,0.0
600552,0.0
600555,-3.9532930729186035
600556,0.0
600557,-0.4931529351395426
600558,5.737866255611117
600559,0.0
600560,0.0
600561,1.8158605151747007
600562,-1.5562424555811216
600563,1.5511550033807266
600565,0.0
600566,0.0
600567,-3.0911064706891977
600568,-0.34155563567396724
600569,6.588397819843688
600570,2.42827801443193
600571,0.8703065570281074
600572,0.0
600573,0.0
600575,0.3186353842136591
600576,0.0
600577,0.0
600578,2.0890945435488013
600579,-2.4086942146630532
600580,-0.5680958077834996
600581,-1.1803767200765651
600582,-2.367877358866676
600583,-1.709832884345866
600584,0.0
600585,3.4014642307074303
600586,3.640226972161411
600587,-2.1079456357695725
600588,-2.1383286790806992
600589,-0.3580678204422674
600590,0.0
600592,0.0
600593,0.0
600594,11.904922870846127
600595,3.2375845768825227
600596,-1.280824445656854
600597,-1.3413145956357264
600598,0.0
600599,-4.266780455229735
600600,-1.9907680752893024
600601,-1.1231816981938478
600602,0.0
600603,1.1753514885932723
600604,-2.8687183678812307
600605,0.0
600606,0.11436152232867905
600608,-4.044047017109042
600609,0.0
600610,1.9572731896714524
600611,1.4107259343729968
600612,0.0
600613,0.0
600614,8.235140986873388
600615,-1.7964161856693628
600616,3.7765396630117203
600617,0.09095178723627284
600618,-4.372698088335058
600619,-0.6005416845043378
600620,4.067598319970294
600621,-4.121533101167306
600622,0.37380371937645535
600623,0.3137364766802862
600624,-0.10043904434729807
600626,-3.5687226033911394
600628,0.07019709158627672
600629,-0.8583380801325697
600630,7.458260959277449
600633,0.0
600634,0.38774313410289385
600635,2.8708495579229703
600636,0.0
600637,0.0
600638,0.15352771390800574
600639,0.5357449632936504
600640,-1.088043233717232
600641,0.0
600642,1.4628034811068793
600643,0.0
600644,1.4256913171825891
600645,0.0
600647,-1.1256697462895549
600648,-0.287889349545079
600649,0.0
600650,2.275913308465375
600651,6.237272197159269
600652,-4.703140572010073
600653,-1.4940677814379322
600654,0.0
600655,0.0
600657,0.0
600658,-0.6539826991683101
600660,-0.5312931317057011
600661,-0.57839643559337
600662,-3.5554816285876454
600663,2.2467200137835066
600664,0.0
600665,-3.6280230794018884
600666,0.0
600667,-2.8578671001428435
600668,-0.8146281070440038
600671,-4.2098129374651965
600673,0.0
600674,-0.3377989599841286
600675,2.362174082760641
600676,-2.4120732785878904
600677,-1.8714352416345048
600678,0.0
600679,-2.7945357781910074
600680,0.0
600681,0.0
600682,1.1007076784754524
600683,0.0
600684,2.1952212204952155
600685,-0.9268046966859422
600686,-2.76496297128161
600687,-2.59145538313034
600688,-2.0686478169357003
600689,-4.663118575029965
600690,1.1300786351825944
600691,-4.726773186282742
600692,-4.585965029030172
600693,0.1718063122710176
600694,0.14247546049253834
600695,-0.6301741628340986
600696,0.0
600697,-1.195217928288056
600698,6.0713526501136466
600699,-0.92988557146906
600701,1.0179564239831809
600702,0.29292724474373016
600703,-2.75043915860792
600704,3.47018111077552
600705,0.4954320970457487
600706,-0.5709854806478041
600707,0.0
600708,4.130154272759516
600711,13.48202362812243
600712,-2.657029540540845
600713,-0.8562577717434025
600714,-0.06703270167846911
600715,-1.850561510752829
600716,-0.8386925652675691
600717,8.674260668006372
600718,-1.6285573770950463
600719,0.0
600720,13.685422755501962
600721,10.151030260313837
600722,0.640158467347878
600723,0.11653965335815902
600724,1.8124480327887067
600725,0.0
600726,0.7921208092493303
600727,-5.046740728160368
600728,-0.02252575806904326
600729,4.320352221033532
600730,-0.8179299235189942
600731,-0.648491400605227
600733,0.0
600734,0.0
600735,0.0
600736,0.0
600737,-2.4027665455934324
600738,2.1966074654813514
600739,-1.1723738018510308
600740,0.12048376886642635
600741,-1.191883536032907
600742,9.367858377327767
600743,-1.0731543737810452
600744,2.378771637696799
600745,2.650338329202928
600746,-0.5861942800874671
600747,0.0
600748,4.477084693839961
600749,0.0
600750,-4.980590921162416
600751,-3.5748710140498368
600753,0.0
600754,-1.3954487719593804
600755,3.509250946076994
600756,-1.3900903787117116
600757,-0.8121118008371766
600758,-2.5966765297754653
600759,-10.804432978734212
600760,0.0
600761,-3.5837047299690736
600763,0.0
600764,2.4358901572710607
600765,-2.4702864576210284
600766,0.0
600767,-5.369074420429211
600768,0.0
600769,0.0
600770,-2.1152423388726698
600771,0.0
600773,-2.392307610696286
600774,1.5881950967448004
600775,0.0
600776,2.8543680606646364
600777,-1.0230848430503654
600778,5.387067388741103
600779,15.369226161702187
600780,2.094549187502104
600781,1.1036520945544437
600782,6.801414244769771
600783,-1.9462058514962968
600784,1.3043527061447182
600785,-0.9175353645383434
600787,0.0
600789,6.9556333397762575
600790,-0.6976782913750312
600791,0.12019018112022732
600792,0.0
600793,2.8363187897050963
600794,0.0
600795,-0.8955266681702078
600796,-4.758453158649829
600797,0.7899784883020146
600798,3.3404599554031176
600800,0.0
600801,20.728941288085586
600802,-7.023465773096127
600803,-2.7644402085774957
600804,-5.946875052217835
600805,0.929189047054344
600806,-3.2204570605327887
600807,0.0
600808,0.3417186757474656
600809,17.70736249723561
600810,-7.983801484140093
600811,1.0935937283831891
600812,-0.16129016129049975
600814,-7.714074054208101
600815,5.986706084353362
600816,-0.7886166085693483
600817,-2.775364811343436
600818,-2.5014910404065542
600819,12.739869108000851
600820,0.6019901261254841
600821,-7.692300000007672
600822,5.203968668601465
600823,1.38692559656075
600824,0.6877306759774738
600825,-1.0712730839842357
600826,-0.7779473837760658
600827,15.403248641781127
600828,-3.884181179035668
600829,-2.3944677666501173
600830,3.7351211129746407
600831,-1.6497553021269338
600833,5.482705287309726
600834,0.0
600835,-0.3838500167299461
600836,-7.0618380069595394
600837,0.0
600838,0.8082112270336768
600839,2.049723574723536
600841,1.4399244746219757
600843,-4.795327673648064
600844,0.0
600845,10.201873344026607
600846,0.6557180571733026
600847,0.0
600848,-2.624087911147812
600850,-0.3662186993677976
600851,0.0
600853,-1.298972598207206
600854,3.041031264025329
600855,0.0
600856,0.0
600857,0.0
600858,3.0496015514049373
600859,0.0
600860,-3.0999969000030965
600861,1.6781149211193367
600862,-1.7452999839209415
600863,3.7969807819494887
600864,-1.5614221683874396
600865,-3.2057519696494365
600866,3.9415887304362736
600867,1.2425069439825671
600868,-2.226030119346848
600869,0.762027627736677
600870,0.0
600871,-0.26536001224765565
600872,-1.099464427886296
600873,-1.0177916909304794
600874,-0.3906247106326262
600875,0.0
600876,0.0
600877,0.0
600879,5.318537206105273
600880,-0.9520379649375492
600881,-1.896120673398684
600882,-2.555271094602041
600883,-3.8412276401904046
600884,0.8742312862558752
600885,1.7848077587416027
600886,2.2988034657541143
600887,-3.0236712546903664
600888,2.0986868737280218
600889,-0.474773893044748
600890,0.0
600891,0.0
600892,0.0
600893,0.0
600894,0.5806930635580605
600895,-0.5552370423099718
600896,0.0
600897,2.8368982844065145
600898,-6.938110376947062
600900,-0.2284056655805601
600908,36.03512021487978
600909,6.1206059406001785
600917,-2.000517837806583
600919,3.987726073623626
600926,6.234772138340367
600936,1.2370590594638629
600958,-0.901238302667064
600959,-1.5314554221869434
600960,-1.7319905632366144
600961,-2.580039228740614
600962,0.0
600963,-0.8039127155180261
600965,0.5773751213598131
600966,0.0
600967,0.0
600969,1.273960868867543
600970,8.951144635108848
600971,11.641475057941005
600973,0.0
600975,-3.4474495418278943
600976,2.8907496279648366
600977,5.5049990445914965
600978,6.996548084707056
600979,0.0
600980,-2.3135080804997297
600981,-1.16426023407179
600982,0.6889402332499719
600983,0.4640819007882421
600984,17.323408331474198
600985,0.0
600986,-1.3357052112689305
600987,-0.3678998850672181
600988,0.40428289953514346
600990,0.0
600992,0.0
600993,-1.1601119939571642
600995,-2.6667244052297217
600996,-0.8425219918948453
600997,-2.134269779460708
600998,-1.310384884419719
600999,1.0719077960615189
601000,9.758099092917949
601001,2.5395385609292527
601002,1.5020758389276452
601003,-1.9285068861420045
601005,0.0
601006,0.0
601007,2.2379853417571094
601008,6.8575748847995
601009,5.877834505203861
601010,0.0
601011,0.0
601012,-1.198669783392826
601015,5.155442648322317
601016,2.5555264628637904
601018,3.0681021240758795
601020,-2.5827980683437324
601021,-3.466795900325001
601028,-2.9173974347716185
601038,-7.289100000007282
601058,2.538709174314472
601069,-1.1873351518431574
601088,0.0
601098,-0.8802903765699103
601099,-0.5643709913025993
601100,-2.119727672958116
601101,3.367629934521607
601106,0.0
601107,-0.7804539192406998
601111,0.5109738241788686
601113,0.0
601116,-8.891055544686715
601117,2.7544263157922315
601118,1.7378973352231597
601126,0.0
601127,0.0
601128,22.86010240085793
601137,0.0
601139,1.6889114137854082
601155,0.0
601158,-0.2584834648285244
601163,0.6681507795106931
601166,-0.9468623678011744
601168,0.0
601169,-0.19954593082424066
601177,-1.3272030050790962
601179,1.1624290917556457
601186,2.1419851063851056
601188,-0.7021547517969015
601198,0.6180964535420126
601199,0.2472365183248392
601208,0.5505334491423184
601211,0.7805017624258698
601216,-0.9759691822847572
601218,1.2983777952378184
601222,2.615488473963038
601225,-2.2711841694937966
601226,-2.7081622069550138
601229,3.5820859701528365
601231,0.6791327084037354
601233,-12.234220513255892
601238,0.0
601258,0.7723734646340923
601288,0.937570523668883
601311,0.9120380016223074
601313,-1.004519337017597
601318,0.0
601328,2.116454625234415
601333,-3.445252029200516
601336,0.0
601339,-0.4731052842278428
601368,0.33795167286279554
601369,3.748040070426294
601375,14.770225929992886
601377,1.010100000001
601388,3.133466632002776
601390,-0.10228076096972123
601398,0.20567647058846167
601500,-3.5858550000035905
601515,-1.7245025247892487
601518,0.6870698938170441
601519,-3.5263837456379847
601555,0.30382513465021044
601558,-0.8946948377485192
601566,1.935385142030344
601567,-0.430429410142256
601579,-1.1894170893442837
601588,4.802138643863002
601595,-2.8867376435736976
601599,-3.651872262881617
601600,-2.435871341578351
601601,0.0
601607,0.0
601608,3.46149032408292
601611,1.8781996015954945
601616,0.0
601618,-2.319402779747357
601628,0.0
601633,0.022577279127227744
601636,5.651318322379912
601666,7.494607375778157
601668,-1.1947526679853842
601669,4.249631495876032
601677,-5.749156226683371
601678,-1.6576390299050985
601688,-0.11171002477062997
601689,-0.4656450012901317
601699,-2.0973411379472675
601700,0.0
601717,-2.8860730632940172
601718,-1.2545634537579484
601727,0.0
601766,1.9883123048768503
601777,2.079606464667526
601788,-0.6212504498720895
601789,-2.4599947300773906
601798,-0.21760611275984784
601799,0.0
601800,5.3011270768667185
601801,0.0
601808,0.0
601811,0.8621497773575604
601818,-0.8305242883493047
601857,0.0
601866,0.156695156471988
601872,2.9309459016422723
601877,-0.34671021508785604
601880,0.0
601882,-0.3160415556241884
601886,0.0
601888,0.0
601890,-4.097325981810166
601898,2.3402053532274514
601899,-0.8525801426144105
601900,7.337447652701143
601901,4.949659479870717
601908,0.0
601918,13.925271828840248
601919,6.892457121090728
601928,-0.4751206520540479
601929,2.1704881578969086
601933,6.054440572335111
601939,-0.6812276924747122
601958,3.552514017525444
601965,1.5548265957462457
601966,3.0244992725910764
601968,5.0889436981182925
601969,0.3554372386553213
601985,2.2496852937114378
601988,0.2581308724834903
601989,-1.4062010869579336
601991,10.935029467950908
601992,0.5341926235091352
601996,-0.409319489924852
601997,7.416556242281826
601998,-1.1426694417249392
601999,0.0
603000,-1.2665333476301204
603001,-1.668114744510786
603002,0.0
603003,-1.781015080427839
603005,3.7410888954906802
603006,0.6240886324503245
603007,31.90623217668805
603008,0.0
603009,0.0
603010,0.0
603011,0.0
603012,-2.9642775528341088
603015,0.0
603016,0.0
603017,8.512999116247913
603018,-1.7607408024827045
603019,0.6357562318043093
603020,-2.913667034048926
603021,-2.2924307080947743
603022,13.576992863901761
603023,3.6761390645937113
603025,-1.553265550836512
603026,-1.5441604592037308
603027,0.0
603028,0.0
603029,6.200524989602897
603030,1.4173159998637992
603031,5.070702000005066
603032,-9.82657976879596
603033,-4.6346846994581865
603035,-3.5385147069699867
603036,-23.88247931036871
603039,-3.182918969707912
603058,0.0
603060,-0.1794793299433511
603066,9.994028161774683
603067,0.0
603069,2.696535332644009
603077,0.0
603085,-2.9503625740006
603088,0.0
603090,-1.6936654639192312
603098,-3.906407612298174
603099,-1.2366485666116942
603100,2.0473900449775413
603101,0.7944699407893744
603108,0.0
603111,0.0
603116,-1.6026748308864849
603117,0.0
603118,0.5732426918217695
603123,-1.1663081516304927
603126,-1.6044806531923723
603128,0.5195578558230654
603131,-2.8088756040098803
603158,-2.2739875024886453
603159,-3.3194987551900352
603160,0.0
603166,-3.083495618992545
603167,0.4624449953244154
603168,-0.1725312632812002
603169,0.0
603186,0.0
603188,-1.0728057190646023
603189,-2.171796855755824
603198,-1.558820664388454
603199,-0.7951515877487949
603203,5.428666391431986
603218,23.000226189905877
603222,-1.4864502921550924
603223,0.0
603227,2.727987352048725
603228,6.648483284402626
603239,0.0
603258,0.3398923255817439
603266,0.0
603268,-4.12567577248416
603288,0.0
603298,17.313171743586125
603299,-2.8816962042552388
603300,0.0
603306,0.0
603308,0.0
603309,-0.7355572022245465
603311,-4.474491823321516
603313,5.899192268047122
603315,0.0
603318,3.4304387787090582
603319,0.0
603322,0.7376602065457982
603323,17.462562722754463
603328,-1.4397504200984277
603333,-2.504574413095252
603336,-15.907363610708673
603338,0.0
603339,0.0
603355,0.0
603366,-0.4089793643035875
603368,3.5881622152156454
603369,11.359783293694464
603377,1.3065036549075737
603389,4.423999080162119
603393,-0.7285268788350757
603398,0.6856440503083521
603399,0.0
603416,-2.778289498057973
603421,-2.061311863513237
603444,0.0
603456,3.1873510494978547
603508,0.0
603515,0.22478201742084367
603518,-0.4390740790338641
603519,3.4799734164455214
603520,-2.00258803889017
603528,1.0301459172862786
603555,0.0
603556,-0.1159822546973954
603558,0.0
603559,0.0
603566,-0.8567871556769164
603567,6.873012245687272
603568,0.8956020178050511
603569,-2.626130762629216
603577,0.0
603579,0.0
603585,-1.6503483697624428
603588,-2.71802491386214
603589,7.151635266243846
603598,-1.2808336337773705
603599,3.2103277796248566
603600,0.0
603601,-2.161401098292102
603606,4.046735363866902
603608,-1.041825193402213
603609,2.783435757247196
603611,0.2936833381560377
603616,-4.458953534218501
603618,-0.4443504167606536
603628,-3.0651310344858267
603633,-2.9041417250583
603636,-2.456658631471736
603639,5.02908110340154
603658,4.723895189823528
603660,0.0
603663,-10.132921896172661
603667,-2.8971636103180844
603669,-2.035304299067456
603678,-2.055114156058868
603686,0.0
603688,4.839978438390265
603689,-9.773289974820862
603690,-1.7454528000017466
603696,20.97809304514389
603698,-0.005636686755355072
603699,-1.0025192999169912
603701,0.0
603703,-2.958890690623582
603708,-3.308721336250972
603716,0.0
603718,-1.7901261416656942
603726,0.0
603727,-2.057038389029384
603729,0.0
603737,0.0
603738,-1.2015197110278273
603766,-4.640366589331792
603777,-2.832551758050033
603778,-0.5909161742366059
603779,-0.8097157894744973
603788,0.0
603789,-0.3913959414672391
603798,0.0
603799,36.51445623916696
603800,-1.5274474636471091
603806,0.0
603808,0.0
603816,7.947454207487912
603818,-2.719876798195513
603819,0.4531717522663135
603822,-2.7571623259648854
603823,-1.9065068155296003
603828,0.0
603838,0.0
603843,-2.99418903394462
603858,-0.9558732244090914
603859,0.02798227068757744
603861,-3.905711342013602
603866,0.0
603868,0.0
603869,-2.7113811580494236
603877,-2.0624837930669617
603878,-4.505701993804372
603883,0.0
603885,-1.5686723684226482
603886,0.0
603887,-1.9207421148422017
603888,-1.3535151589080177
603889,-1.2156791969222511
603898,0.0
603899,0.0
603900,-3.955763674447032
603901,0.5468394345952761
603909,0.0
603918,2.3707272046902887
603919,2.7718522388087465
603928,-2.58042903872274
603929,-5.136203717371771
603936,-1.643015527790367
603939,-1.9491211837622928
603958,3.3601135135168803
603959,-2.023544701988781
603968,-1.1898201332448892
603969,5.7663553506772685
603977,0.0
603979,0.0
603986,0.0
603987,-2.0305114118621663
603988,-5.429302522313584
603989,3.6811761207965668
603990,0.0
603993,17.58652592928095
603996,-1.2992558576009021
603997,9.919850349336967
603998,-1.0825860976080577
603999,1.7768242447060296
900901,0.0
900902,-2.0773618194863173
900903,0.0
900904,0.0
900905,0.0
900906,1.1260921683684837
900907,-0.3727416706493033
900908,-0.5099145042497882
900909,1.6355778188556134
900910,0.0
900911,0.7494639186302937
900912,0.3038089974296013
900913,1.8957327014236809
900914,3.5637113390964386
900915,-3.0366150044686577
900916,0.0
900917,0.0
900918,-0.9353732142866384
900919,-1.0085327385580385
900920,0.0
900921,0.0
900922,0.0
900923,8.409428424665927
900924,-0.18885722379624176
900925,-0.3106917827301079
900926,1.2095388245327343
900927,-0.6849308219184868
900928,5.771806308730615
900929,-2.352750528171359
900930,0.0
900932,1.4439435226822868
900933,-1.4235015751945133
900934,3.636360000003617
900935,0.0
900936,1.4858475707561951
900937,0.3022161014104188
900938,-1.2241042372893565
900939,0.0
900940,1.4130932642501108
900941,0.0
900942,-1.201425492773884
900943,0.0
900945,0.9962630136996354
900946,-1.090098754016053
900947,1.3805617438705826
900948,13.709246508032319
900951,0.0
900952,0.0
900953,-5.968852162635713
900955,-1.4065463458998295
900956,-2.1318768963828982
900957,0.0
2352,48.2628690870245
2352,48.2628690870245
2352,48.2628690870245
2352,48.2628690870245
2352,48.2628690870245
2352,48.2628690870245
2352,49.71421606396486
2352,0.0
2352,0.0
2352,64.97218551333094
2352,64.97218551333094
2352,64.97218551333094
2352,64.97218551333094
2352,64.97218551333094
2352,64.97218551333094
2352,-2.0057344818503937
2352,64.97218551333094
2352,32.14016020110939
2352,64.97218551333094
2352,92.36434280762741
2352,92.36434280762741
2352,92.36434280762741
2352,35.47007162527797
2352,0.0
2352,188.5373157439949
2352,188.5373157439949
2352,188.5373157439949
2352,0.0
2352,188.5373157439949
2352,188.5373157439949
935,175.81170775817435
600522,14.152333581709184
617,-23.648785115501514
617,-23.648785115501514
2323,-4.166392620964075
2352,188.5373157439949
2352,0.0
2352,0.0
2352,188.5373157439949
2352,0.0
2352,0.0
2352,188.5373157439949
2352,188.5373157439949
2352,188.5373157439949
935,0.0
603838,0.0
617,-23.648785115501514
617,-23.648785115501514
617,-1.806659994289876
2352,-10.128788380080913
2352,-10.128788380080913
2352,188.5373157439949
617,-23.648785115501514
617,0.0
2352,0.0
2352,0.0
2352,-4.4007939031013965
2352,0.0
2352,188.5373157439949
2352,-2.0057344818503937
2352,-6.862850797964404
2352,-6.862850797964404
2352,188.5373157439949
2352,64.97218551333094
617,-6.4369147005738325
2352,190.90199377076573
617,-19.83634380001984
617,-19.83634380001984
300513,-19.33822337336747
935,0.0
935,0.0
603838,0.0
2352,0.0
2352,0.0
2352,32.14016020110939
2352,190.90199377076573
2352,190.90199377076573
2352,190.90199377076573
2352,0.0
2352,190.90199377076573
603838,0.0
617,0.0
300513,-19.33822337336747
2753,1.302148239790219
2352,190.90199377076573
2352,-10.128788380080913
2352,0.0
2352,0.0
2352,188.5373157439949
2352,188.5373157439949
2352,0.0
2352,0.0
2352,188.5373157439949
617,0.0
2352,188.5373157439949
2735,-19.255797589350763
300513,0.12521900826458093
300513,-19.33822337336747
300513,0.12521900826458093
2352,0.0
2352,188.5373157439949
2352,0.0
2352,0.0
2352,89.20430828406653
2352,0.0
2352,89.20430828406653
300513,0.0
617,-8.45186872089702
617,0.0
2352,0.0
2352,199.20186548535327
617,0.0
300513,0.0
2735,0.0
935,0.0
603838,0.0
2352,15.910136690299325
2352,42.68082702394985
2352,42.68082702394985
2352,42.68082702394985
2352,29.87258375374271
2352,27.51031741960801
2352,27.51031741960801
2352,-3.582536222226317
2352,2.366027562791775
2352,2.366027562791775
2352,2.366027562791775
2352,0.0
2352,0.0
2352,0.0
2352,0.0
2352,0.0
2352,0.0
2352,0.0
2352,12.339971426031545
2352,12.302755091853518
2352,-2.708308279248588
2352,13.254197754387894
2352,0.0
2352,0.0
2352,0.0
2352,0.0
2352,6.570033659026048
2352,6.570033659026048
2352,6.570033659026048
2352,6.570033659026048
2352,6.570033659026048
2352,6.570033659026048
2352,-1.0397019382471984
2352,-2.52593567160482
2352,6.570033659026048
2352,6.570033659026048
2352,6.570033659026048
2352,6.570033659026048
2352,6.570033659026048
2352,6.570033659026048
2352,6.570033659026048
2352,6.570033659026048
2352,6.570033659026048
2352,6.570033659026048
2352,-1.0397019382471984
2352,-2.0548292546506017
2352,30.156561363206162
2352,30.156561363206162
2352,30.156561363206162
2352,30.156561363206162
2352,30.156561363206162
2352,30.156561363206162
2352,30.156561363206162
2352,0.0
2352,49.528567438779966
2352,-2.5124441911736533
2352,30.156561363206162
2352,-2.1135360933916023
2352,33.813074237204965
836,2.876486045499725
836,2.876486045499725
836,2.876486045499725
836,2.876486045499725
836,2.876486045499725
836,2.876486045499725
836,2.876486045499725
836,2.4065438218886204
836,1.5888432901393563
836,1.5888432901393563
836,0.3219569388673213
836,1.0303684542491576
836,0.3219569388673213
836,2.2785455284740044
836,-0.2604549035271493
836,-0.06567069467299193
836,4.380678523746623
836,1.8224189145955967
836,0.0
836,1.7281719683477592
2352,-1.2051597851924063
2352,0.0
2352,0.0
2352,-1.6479136358137672
2352,6.418128269320568
836,2.037105126760279
836,1.9345927330217223
836,0.0
836,2.955616318738534
836,1.9345927330217223
836,1.4879956524658158
2352,6.519924314505468
836,1.4879956524658158
836,1.0918211524992347
836,1.4879956524658158
836,0.0
836,0.9013745274347456
836,0.0
836,-2.156345910977051
836,0.0
836,-2.156345910977051
836,-1.2212071909436804
836,1.4879956524658158
836,1.4879956524658158
836,1.7978023161323038
836,1.127256085953381
836,1.127256085953381
836,1.127256085953381
836,1.127256085953381
836,1.127256085953381
836,1.127256085953381
836,0.0
836,0.0
836,0.0
836,0.0
836,0.0
836,0.0
836,1.127256085953381
836,1.127256085953381
836,1.127256085953381
836,-0.10531256714597416
836,0.636240468703097
836,0.636240468703097
836,-1.2212071909436804
836,0.636240468703097
836,-1.1390951469182422
836,-1.1390951469182422
836,-1.1390951469182422
2352,-3.4460650853390367
2352,0.0
2352,0.0
2352,0.0
2352,6.139857960554638
2352,3.8394868769603647
2352,0.0
2352,0.0
2352,0.0
2352,-0.9555157730861324
2352,0.0
2352,0.011671498126248014
2352,0.011671498126248014
2352,0.0
2352,0.0
2352,0.0
2352,0.0
2352,0.0
2352,0.0
2352,0.0
2352,0.011671498126248014
2352,0.9424863764904384
2352,14.242855415710284
2352,14.242855415710284
836,0.3004825059223447
836,0.3004825059223447
2352,14.242855415710284
2352,14.242855415710286
000739,0.8098397235304756
