date,open,close,high,low,volume
2014-01-09,6.318,6.388999999999999,6.481,6.297000000000001,485518.0
2014-01-10,6.367000000000001,6.388999999999999,6.459,6.3020000000000005,381197.0
2014-01-13,6.377999999999999,6.27,6.437,6.21,478875.0
2014-01-14,6.254,6.335,6.367000000000001,6.189,362427.0
2014-01-15,6.324,6.308,6.345,6.247999999999999,297988.0
2014-01-16,6.3020000000000005,6.318,6.377999999999999,6.2589999999999995,299593.0
2014-01-17,6.281000000000001,6.205,6.291,6.189,423513.0
2014-01-20,6.205,6.108,6.205,6.081,307219.0
2014-01-21,6.117999999999999,6.14,6.247999999999999,6.117999999999999,265794.0
2014-01-22,6.14,6.372999999999999,6.41,6.135,619084.0
2014-01-23,6.362,6.324,6.372999999999999,6.297000000000001,375535.0
2014-01-24,6.291,6.3020000000000005,6.382999999999999,6.254,485283.0
2014-01-27,6.247999999999999,6.156000000000001,6.2860000000000005,6.135,442997.0
2014-01-28,6.189,6.216,6.263999999999999,6.145,389683.0
2014-01-29,6.237,6.247999999999999,6.291,6.216,312104.0
2014-01-30,6.242999999999999,6.162000000000001,6.242999999999999,6.151,291413.0
2014-02-07,6.117999999999999,6.151,6.151,6.0,418757.0
2014-02-10,6.151,6.254,6.263999999999999,6.135,581226.0
2014-02-11,6.232,6.486000000000001,6.664,6.178,1310465.0
2014-02-12,6.416,6.454,6.593999999999999,6.405,694621.0
2014-02-13,6.394,6.605,6.756,6.377999999999999,1218192.0
2014-02-14,6.545,6.529,6.5889999999999995,6.4639999999999995,582339.0
2014-02-17,6.54,6.47,6.577999999999999,6.416,608921.0
2014-02-18,6.437,6.3020000000000005,6.4479999999999995,6.281000000000001,596061.0
2014-02-19,6.275,6.486000000000001,6.556,6.275,988174.0
2014-02-20,6.4479999999999995,6.356,6.621,6.351,766324.0
2014-02-21,6.388999999999999,6.27,6.4,6.2589999999999995,479996.0
2014-02-24,6.189,6.032,6.205,6.021,667820.0
2014-02-25,6.037000000000001,5.956,6.135,5.946000000000001,548387.0
2014-02-26,5.962000000000001,6.005,6.064,5.946000000000001,407937.0
2014-02-27,6.027,6.075,6.135,5.9510000000000005,555086.0
2014-02-28,6.037000000000001,6.016,6.075,5.881,446237.0
2014-03-03,5.956,5.9670000000000005,5.989,5.9079999999999995,427431.0
2014-03-04,5.94,5.935,5.956,5.837000000000001,527585.0
2014-03-05,5.886,5.7829999999999995,5.935,5.746,533016.0
2014-03-06,5.789,5.821000000000001,5.864,5.681,527382.0
2014-03-07,5.81,5.837000000000001,5.912999999999999,5.794,488654.0
2014-03-10,5.7829999999999995,5.5729999999999995,5.794,5.54,544320.0
2014-03-11,5.5729999999999995,5.535,5.6160000000000005,5.459,450789.0
2014-03-12,5.551,5.593999999999999,5.664,5.502000000000001,515107.0
2014-03-13,5.664,5.707999999999999,5.832000000000001,5.605,626625.0
2014-03-14,5.6370000000000005,5.577999999999999,5.691,5.551,450392.0
2014-03-17,5.627000000000001,5.659,5.675,5.5889999999999995,372979.0
2014-03-18,5.659,5.61,5.681,5.582999999999999,431814.0
2014-03-19,5.593999999999999,5.535,5.593999999999999,5.486000000000001,363028.0
2014-03-20,5.524,5.459,5.562,5.432,454881.0
2014-03-21,5.443,5.832000000000001,5.912999999999999,5.421,1251811.0
2014-03-24,5.821000000000001,5.832000000000001,5.9079999999999995,5.746,842538.0
2014-03-25,5.821000000000001,5.729,5.843,5.707999999999999,415754.0
2014-03-26,5.7620000000000005,5.7829999999999995,5.81,5.697,360206.0
2014-03-27,5.751,5.821000000000001,5.962000000000001,5.686,803133.0
2014-03-28,5.7829999999999995,5.827000000000001,5.9239999999999995,5.767,532649.0
2014-03-31,5.864,5.821000000000001,5.912999999999999,5.767,321130.0
2014-04-01,5.794,5.837000000000001,5.886,5.7829999999999995,281242.0
2014-04-02,5.832000000000001,5.897,5.9510000000000005,5.8,460397.0
2014-04-03,5.9239999999999995,5.821000000000001,5.956,5.816,453650.0
2014-04-04,5.7829999999999995,5.832000000000001,5.848,5.724,342090.0
2014-04-08,5.827000000000001,6.097,6.21,5.827000000000001,1342920.0
2014-04-09,6.091,6.047999999999999,6.135,6.032,557346.0
2014-04-10,6.059,6.14,6.27,6.032,770068.0
2014-04-11,6.129,6.162000000000001,6.216,6.081,593255.0
2014-04-14,6.135,6.097,6.189,6.047999999999999,421741.0
2014-04-15,6.059,5.928999999999999,6.07,5.897,534688.0
2014-04-16,5.9079999999999995,5.94,6.016,5.87,376646.0
2014-04-17,5.956,5.891,5.989,5.854,304885.0
2014-04-18,5.864,5.837000000000001,5.881,5.794,323544.0
2014-04-21,5.81,5.778,5.891,5.767,298156.0
2014-04-22,5.789,5.978,6.042999999999999,5.773,523281.0
2014-04-23,5.989,6.097,6.189,5.989,1169892.0
2014-04-24,6.172999999999999,6.07,6.189,6.01,634004.0
2014-04-25,6.07,6.081,6.227,6.005,714335.0
2014-04-28,6.081,5.962000000000001,6.097,5.9239999999999995,526045.0
2014-04-29,5.956,6.032,6.081,5.902,413621.0
2014-04-30,6.042999999999999,6.021,6.064,5.994,259596.0
2014-05-05,6.0,5.94,6.005,5.854,403270.0
2014-05-06,5.902,5.917999999999999,5.994,5.891,267770.0
2014-05-07,5.897,5.864,5.917999999999999,5.864,241910.0
2014-05-08,5.854,5.9079999999999995,6.027,5.843,379620.0
2014-05-09,5.9079999999999995,5.973,6.016,5.891,321914.0
2014-05-12,6.027,6.129,6.162000000000001,5.956,601991.0
2014-05-13,6.124,6.07,6.14,6.047999999999999,305833.0
2014-05-14,6.059,6.1129999999999995,6.183,6.059,416121.0
2014-05-15,6.108,6.047999999999999,6.135,6.027,312627.0
2014-05-16,6.047999999999999,6.091,6.129,6.042999999999999,311773.0
2014-05-19,6.091,6.091,6.097,6.021,261105.0
2014-05-20,6.081,6.075,6.129,6.037000000000001,205766.0
2014-05-21,6.053999999999999,6.124,6.151,5.989,263168.0
2014-05-22,6.124,6.156000000000001,6.3020000000000005,6.102,619141.0
2014-05-23,6.162000000000001,6.2589999999999995,6.275,6.14,415356.0
2014-05-26,6.297000000000001,6.2589999999999995,6.297000000000001,6.194,315989.0
2014-05-27,6.232,6.2589999999999995,6.324,6.216,284407.0
2014-05-28,6.254,6.27,6.2860000000000005,6.156000000000001,427037.0
2014-05-29,6.263999999999999,6.216,6.345,6.21,362238.0
2014-05-30,6.21,6.216,6.281000000000001,6.194,318773.0
2014-06-03,6.216,6.221,6.318,6.216,278113.0
2014-06-04,6.221,6.124,6.227,6.081,323889.0
2014-06-05,6.108,6.178,6.183,6.102,246291.0
2014-06-06,6.183,6.151,6.205,6.102,186435.0
2014-06-09,6.135,6.205,6.237,6.117999999999999,313522.0
2014-06-10,6.227,6.351,6.351,6.2,621982.0
2014-06-11,6.313,6.367000000000001,6.4,6.2860000000000005,433233.0
2014-06-12,6.327999999999999,6.3870000000000005,6.4270000000000005,6.315,367441.0
2014-06-13,6.381,6.657,6.827999999999999,6.367000000000001,1239504.0
2014-06-16,6.617000000000001,6.662999999999999,6.736000000000001,6.591,878182.0
2014-06-17,6.611000000000001,6.604,6.696000000000001,6.565,541847.0
2014-06-18,6.604,6.486000000000001,6.617000000000001,6.452999999999999,538550.0
2014-06-19,6.486000000000001,6.433,6.537999999999999,6.367000000000001,483081.0
2014-06-20,6.4270000000000005,6.479,6.479,6.407,372070.0
2014-06-23,6.479,6.4270000000000005,6.545,6.42,430859.0
2014-06-24,6.433,6.446000000000001,6.479,6.42,284593.0
2014-06-25,6.446000000000001,6.4270000000000005,6.452999999999999,6.341,271262.0
2014-06-26,6.3870000000000005,6.459,6.466,6.3870000000000005,342885.0
2014-06-27,6.44,6.459,6.492000000000001,6.3870000000000005,367520.0
2014-06-30,6.446000000000001,6.519,6.558,6.44,447237.0
2014-07-01,6.519,6.486000000000001,6.545,6.466,284943.0
2014-07-02,6.486000000000001,6.505,6.5120000000000005,6.452999999999999,286041.0
2014-07-03,6.505,6.5520000000000005,6.571000000000001,6.466,446904.0
2014-07-04,6.558,6.519,6.584,6.486000000000001,342311.0
2014-07-07,6.519,6.486000000000001,6.532,6.446000000000001,343061.0
2014-07-08,6.473,6.532,6.532,6.4270000000000005,346087.0
2014-07-09,6.525,6.348,6.525,6.3020000000000005,587891.0
2014-07-10,6.354,6.361000000000001,6.4,6.321000000000001,360257.0
2014-07-11,6.354,6.361000000000001,6.381,6.341,318320.0
2014-07-14,6.367000000000001,6.394,6.394,6.295,463116.0
2014-07-16,6.381,6.321000000000001,6.3870000000000005,6.2620000000000005,617702.0
2014-07-17,6.315,6.308,6.327999999999999,6.269,320072.0
2014-07-18,6.282,6.315,6.348,6.269,375115.0
2014-07-21,6.315,6.282,6.315,6.269,272995.0
2014-07-22,6.269,6.4,6.446000000000001,6.2620000000000005,613698.0
2014-07-23,6.381,6.42,6.466,6.367000000000001,555703.0
2014-07-24,6.4270000000000005,6.683,6.775,6.42,1805823.0
2014-07-25,6.709,6.723,6.749,6.63,853913.0
2014-07-28,6.749,7.091,7.17,6.736000000000001,1867879.0
2014-07-29,7.117000000000001,7.117000000000001,7.301,7.058,1201827.0
2014-07-30,7.117000000000001,7.071000000000001,7.301,7.058,810025.0
2014-07-31,7.071000000000001,7.15,7.17,7.005,637784.0
2014-08-01,7.13,7.037999999999999,7.287999999999999,7.037999999999999,854509.0
2014-08-04,7.037999999999999,7.19,7.19,6.973,830623.0
2014-08-05,7.202999999999999,7.117000000000001,7.295,7.045,752175.0
2014-08-06,7.071000000000001,7.005,7.071000000000001,6.912999999999999,834647.0
2014-08-07,7.005,6.907,7.025,6.894,596434.0
2014-08-08,6.926,6.933,6.986000000000001,6.88,555651.0
2014-08-11,6.946000000000001,7.045,7.071000000000001,6.946000000000001,621331.0
2014-08-12,7.005,6.973,7.0120000000000005,6.92,480852.0
2014-08-13,6.959,7.005,7.045,6.9,533364.0
2014-08-14,7.025,6.933,7.071000000000001,6.912999999999999,523693.0
2014-08-15,6.933,6.959,6.992000000000001,6.874,675089.0
2014-08-18,6.966,7.005,7.032,6.94,589023.0
2014-08-19,7.005,6.959,7.019,6.912999999999999,580821.0
2014-08-20,6.952999999999999,6.8870000000000005,6.952999999999999,6.867000000000001,573285.0
2014-08-21,6.874,6.801,6.8870000000000005,6.742000000000001,632230.0
2014-08-22,6.769,6.808,6.848,6.749,481561.0
2014-08-25,6.808,6.716,6.808,6.696000000000001,509434.0
2014-08-26,6.702999999999999,6.702999999999999,6.755,6.67,461165.0
2014-08-27,6.702999999999999,6.736000000000001,6.834,6.69,573146.0
2014-08-28,6.736000000000001,6.6770000000000005,6.742000000000001,6.67,438969.0
2014-08-29,6.6770000000000005,6.742000000000001,6.742000000000001,6.67,343726.0
2014-09-01,6.736000000000001,6.775,6.795,6.69,487782.0
2014-09-02,6.808,6.874,6.9,6.736000000000001,788004.0
2014-09-03,6.8870000000000005,6.907,6.966,6.861000000000001,766928.0
2014-09-04,6.907,6.94,6.94,6.827999999999999,628158.0
2014-09-05,6.94,6.952999999999999,6.999,6.907,597878.0
2014-09-09,6.94,6.88,6.959,6.854,566697.0
2014-09-10,6.841,6.795,6.848,6.782,531593.0
2014-09-11,6.795,6.821000000000001,6.94,6.775,713461.0
2014-09-12,6.821000000000001,6.821000000000001,6.827999999999999,6.755,408654.0
2014-09-15,6.795,6.782,6.795,6.742000000000001,515418.0
2014-09-16,6.787999999999999,6.742000000000001,6.88,6.736000000000001,828340.0
2014-09-17,6.775,6.749,6.808,6.709,556747.0
2014-09-18,6.716,6.795,6.88,6.696000000000001,768309.0
2014-09-19,6.775,6.827999999999999,6.841,6.749,570754.0
2014-09-22,6.795,6.617000000000001,6.801,6.591,790191.0
2014-09-23,6.617000000000001,6.644,6.67,6.611000000000001,462158.0
2014-09-24,6.624,6.7620000000000005,6.775,6.604,760552.0
2014-09-25,6.787999999999999,6.696000000000001,6.795,6.6770000000000005,677167.0
2014-09-26,6.683,6.657,6.69,6.617000000000001,453633.0
2014-09-29,6.67,6.657,6.702999999999999,6.6370000000000005,605358.0
2014-09-30,6.67,6.67,6.683,6.644,483982.0
2014-10-08,6.69,6.749,6.749,6.67,674687.0
2014-10-09,6.749,6.709,6.769,6.683,662393.0
2014-10-10,6.683,6.683,6.709,6.662999999999999,659349.0
2014-10-13,6.657,6.644,6.67,6.604,519875.0
2014-10-14,6.6370000000000005,6.657,6.709,6.624,575883.0
2014-10-15,6.65,6.683,6.696000000000001,6.591,597659.0
2014-10-16,6.644,6.709,6.808,6.63,1323735.0
2014-10-17,6.709,6.657,6.723,6.617000000000001,700511.0
2014-10-20,6.6770000000000005,6.69,6.702999999999999,6.6370000000000005,611170.0
2014-10-21,6.67,6.6370000000000005,6.683,6.624,486323.0
2014-10-22,6.63,6.644,6.702999999999999,6.617000000000001,559460.0
2014-10-23,6.657,6.736000000000001,6.801,6.657,1585479.0
2014-10-24,6.795,6.696000000000001,6.808,6.6770000000000005,820989.0
2014-10-27,6.644,6.591,6.662999999999999,6.565,729568.0
2014-10-28,6.611000000000001,6.69,6.702999999999999,6.611000000000001,530650.0
2014-10-29,6.702999999999999,6.775,6.827999999999999,6.67,1065276.0
2014-10-30,6.782,6.861000000000001,6.94,6.716,1520633.0
2014-10-31,6.907,7.255,7.466,6.88,3593084.0
2014-11-03,7.341,7.308,7.407,7.222,1916834.0
2014-11-04,7.334,7.1370000000000005,7.354,7.091,1318992.0
2014-11-05,7.1370000000000005,7.117000000000001,7.202999999999999,7.0120000000000005,1285876.0
2014-11-06,7.117000000000001,7.13,7.17,7.065,645123.0
2014-11-07,7.111000000000001,7.176,7.486000000000001,7.084,2234369.0
2014-11-10,7.269,7.327999999999999,7.4,7.144,1621348.0
2014-11-11,7.308,7.412999999999999,7.657,7.282,2981390.0
2014-11-12,7.361000000000001,7.367000000000001,7.374,7.229,1389462.0
2014-11-13,7.354,7.269,7.472,7.255,1340384.0
2014-11-14,7.236000000000001,7.19,7.242000000000001,7.104,901526.0
2014-11-17,7.202999999999999,7.077999999999999,7.229,7.045,889594.0
2014-11-18,7.065,6.979,7.111000000000001,6.946000000000001,930296.0
2014-11-19,6.973,6.992000000000001,7.0120000000000005,6.933,591656.0
2014-11-20,6.959,6.992000000000001,7.032,6.907,683544.0
2014-11-21,6.986000000000001,7.104,7.144,6.907,1146731.0
2014-11-24,6.979,7.091,7.202999999999999,6.92,2227368.0
2014-11-25,7.071000000000001,7.222,7.249,7.032,1567802.0
2014-11-26,7.229,7.374,7.479,7.183,2184918.0
2014-11-27,7.466,7.44,7.571000000000001,7.315,2103856.0
2014-11-28,7.412999999999999,8.183,8.183,7.354,4844839.0
2014-12-01,8.288,8.017999999999999,8.577,7.992000000000001,4465213.0
2014-12-02,7.985,8.63,8.814,7.946000000000001,3490411.0
2014-12-03,8.63,8.617,9.137,8.36,3997530.0
2014-12-04,8.642999999999999,9.183,9.189,8.485,3450180.0
2014-12-05,9.242,9.558,10.017999999999999,8.892999999999999,4413697.0
2014-12-08,9.347000000000001,10.017999999999999,10.196,9.209,3928342.0
2014-12-09,9.84,9.017999999999999,10.215,9.017999999999999,4045420.0
2014-12-10,8.946,9.334,9.446,8.564,3527844.0
2014-12-11,9.084,9.156,9.59,9.005,2237995.0
2014-12-12,9.142999999999999,9.169,9.341000000000001,8.998,1643909.0
2014-12-15,9.045,8.933,9.045,8.729,1800936.0
2014-12-16,8.88,9.465,9.465,8.841000000000001,2469072.0
2014-12-17,9.472000000000001,10.104,10.307,9.341000000000001,4400166.0
2014-12-18,10.136000000000001,9.794,10.229,9.604,2470250.0
2014-12-19,9.748,9.867,9.992,9.498,1935405.0
2014-12-22,9.801,10.09,10.63,9.742,3467391.0
2014-12-23,9.86,9.702,10.051,9.538,1797850.0
2014-12-24,9.696,9.255,9.767999999999999,8.998,2010271.0
2014-12-25,9.439,9.663,9.702,9.235,1997275.0
2014-12-26,9.61,9.933,9.985,9.551,2437073.0
2014-12-29,10.267999999999999,9.814,10.557,9.702,2586148.0
2014-12-30,9.821,10.196,10.255,9.781,2366078.0
2014-12-31,10.267999999999999,10.419,10.446,10.064,2400065.0
2015-01-05,10.517999999999999,10.538,10.709000000000001,10.261,2860436.0
2015-01-06,10.425999999999998,10.38,10.780999999999999,10.229,2166421.0
2015-01-07,10.235,10.182,10.413,10.064,1700120.0
2015-01-08,10.196,9.84,10.242,9.801,1407714.0
2015-01-09,9.801,9.919,10.439,9.676,2508500.0
2015-01-12,9.781,9.715,9.9,9.538,1553290.0
2015-01-13,9.637,9.656,9.801,9.61,816874.0
2015-01-14,9.722000000000001,9.742,9.998,9.669,1263029.0
2015-01-15,9.767999999999999,10.097000000000001,10.097000000000001,9.676,1242170.0
2015-01-16,10.13,10.11,10.275,9.985,1555846.0
2015-01-19,9.216000000000001,9.097000000000001,9.584,9.097000000000001,2137123.0
2015-01-20,9.097000000000001,9.097000000000001,9.248,8.92,1491018.0
2015-01-21,9.13,9.485,9.604,9.045,1940530.0
2015-01-22,9.433,9.406,9.551,9.314,1255016.0
2015-01-23,9.446,9.472000000000001,9.623,9.406,1459181.0
2015-01-26,9.446,9.433,9.498,9.314,1057605.0
2015-01-27,9.439,9.202,9.452,9.097000000000001,1339494.0
2015-01-28,9.123,9.248,9.406,9.077,1240877.0
2015-01-29,9.091000000000001,9.142999999999999,9.216000000000001,9.045,1016753.0
2015-01-30,9.163,9.163,9.288,9.051,930116.0
2015-02-02,8.946,8.966000000000001,9.077,8.913,860932.0
2015-02-03,9.064,9.176,9.202,8.959,883349.0
2015-02-04,9.209,9.017999999999999,9.235,9.012,807623.0
2015-02-05,9.406,9.071,9.492,9.051,1913729.0
2015-02-06,9.005,8.887,9.176,8.814,1030408.0
2015-02-09,8.88,8.892999999999999,8.998,8.696,946586.0
2015-02-10,8.873,9.058,9.091000000000001,8.827,724875.0
2015-02-11,9.064,9.031,9.11,8.998,554349.0
2015-02-12,9.045,9.117,9.142999999999999,8.959,608715.0
2015-02-13,9.163,9.176,9.327,9.104,887743.0
2015-02-16,9.176,9.156,9.216000000000001,9.031,721202.0
2015-02-17,9.183,9.202,9.281,9.163,680491.0
2015-02-25,9.235,9.077,9.242,9.051,577392.0
2015-02-26,9.077,9.255,9.262,8.946,1025544.0
2015-02-27,9.248,9.202,9.314,9.183,793570.0
2015-03-02,9.229,9.229,9.267999999999999,9.123,1018797.0
2015-03-03,9.196,8.946,9.196,8.939,1059476.0
2015-03-04,8.959,8.926,9.025,8.88,814973.0
2015-03-05,8.88,8.801,8.9,8.742,828604.0
2015-03-06,8.795,8.841000000000001,8.887,8.781,557047.0
2015-03-09,8.86,9.308,9.433,8.762,2205323.0
2015-03-10,9.209,9.058,9.288,9.058,1385706.0
2015-03-11,9.071,9.117,9.262,9.071,903354.0
2015-03-12,9.341000000000001,9.604,9.84,9.262,3305137.0
2015-03-13,9.801,9.86,10.267999999999999,9.735,3163988.0
2015-03-16,9.933,10.136000000000001,10.196,9.814,2218472.0
2015-03-17,10.202,10.13,10.392999999999999,10.031,1959841.0
2015-03-18,10.104,10.202,10.248,10.057,1831000.0
2015-03-19,10.182,9.992,10.182,9.946,1580300.0
2015-03-20,9.992,10.077,10.229,9.906,1976394.0
2015-03-23,10.084,10.15,10.235,10.084,1782055.0
2015-03-24,10.15,10.097000000000001,10.255,10.011000000000001,1559193.0
2015-03-25,10.051,9.808,10.077,9.794,1591468.0
2015-03-26,9.775,9.939,10.142999999999999,9.676,1487891.0
2015-03-27,9.933,9.919,10.057,9.775,1047638.87
2015-03-30,10.017999999999999,10.300999999999998,10.485,9.933,2582613.0
2015-03-31,10.550999999999998,10.36,10.919,10.280999999999999,2733183.0
2015-04-01,10.405999999999999,10.498,10.617,10.229,1643316.0
2015-04-02,10.584000000000001,10.392999999999999,10.617,10.275,1405837.0
2015-04-03,10.327,10.425999999999998,10.485,10.267999999999999,1434941.0
2015-04-07,10.623,11.057,11.155999999999999,10.623,2960472.0
2015-04-08,11.136,11.787,11.892999999999999,10.952,3371646.0
2015-04-09,11.807,11.84,12.530999999999999,11.662,3173063.0
2015-04-10,11.84,13.024000000000001,13.024000000000001,11.741,3340209.0
2015-04-13,13.533,13.167,13.66,12.856,4807153.0
2015-04-14,13.135,12.975999999999999,13.135,12.817,2472375.0
2015-04-15,12.975999999999999,13.254000000000001,13.755999999999998,12.817,3417642.0
2015-04-16,13.008,13.533,13.613,12.936,2467407.0
2015-04-17,13.931,13.477,13.931,13.374,2609523.0
2015-04-20,13.613,12.975999999999999,13.692,12.864,3447257.0
2015-04-21,12.992,13.183,13.294,12.720999999999998,2415936.0
2015-04-22,13.199000000000002,13.493,13.517000000000001,13.135,2773141.0
2015-04-23,13.517000000000001,13.262,13.565,13.183,2319688.0
2015-04-24,12.975999999999999,12.847999999999999,13.142999999999999,12.745,2442836.0
2015-04-27,12.904000000000002,13.071,13.215,12.895999999999999,2460563.0
2015-04-28,13.095,13.294,13.835,12.912,4763544.0
2015-04-29,13.262,13.254000000000001,13.334000000000001,12.895999999999999,2151188.0
2015-04-30,13.398,13.294,13.74,13.277999999999999,2890635.0
2015-05-04,13.294,13.151,13.294,12.96,1427575.0
2015-05-05,13.062999999999999,12.625,13.151,12.339,2299341.0
2015-05-06,12.594000000000001,12.514000000000001,12.975999999999999,12.331,1949911.0
2015-05-07,12.514000000000001,12.474,12.640999999999998,12.339,1258707.0
2015-05-08,12.505999999999998,12.617,12.720999999999998,12.339,1374468.0
2015-05-11,12.578,12.761,12.832,12.331,2123077.0
2015-05-12,12.720999999999998,12.705,12.88,12.458,1989655.0
2015-05-13,12.88,12.640999999999998,12.936,12.53,1756561.0
2015-05-14,12.737,12.649000000000001,12.777000000000001,12.49,1438027.0
2015-05-15,12.578,12.299000000000001,12.640999999999998,12.155999999999999,1752716.0
2015-05-18,12.1,12.084000000000001,12.219000000000001,11.917,1537084.0
2015-05-19,12.075999999999999,12.411,12.53,11.981,1917812.0
2015-05-20,12.745,12.53,12.856,12.418,2589666.0
2015-05-21,12.578,12.57,12.649000000000001,12.434000000000001,1405846.0
2015-05-22,12.665,12.952,12.975999999999999,12.594000000000001,2621907.0
2015-05-25,13.015999999999998,13.215,13.302,13.015999999999998,2730369.0
2015-05-26,13.238,13.23,13.294,12.96,2792208.0
2015-05-27,13.23,13.119000000000002,13.460999999999999,13.055,2341217.0
2015-05-28,13.135,12.339,13.142999999999999,12.283,2733061.0
2015-05-29,12.347000000000001,12.196,12.474,12.027999999999999,2014932.0
2015-06-01,12.204,12.657,12.720999999999998,12.092,2158362.0
2015-06-02,12.649000000000001,12.554,12.657,12.355,1904822.0
2015-06-03,12.554,12.602,12.697000000000001,12.339,1975231.0
2015-06-04,12.617,13.030999999999999,13.199000000000002,12.466,3682532.0
2015-06-05,13.294,12.975999999999999,13.374,12.761,2855456.0
2015-06-08,12.992,13.764000000000001,13.890999999999998,12.888,5086050.0
2015-06-09,13.82,13.517000000000001,13.890999999999998,13.277999999999999,3286967.0
2015-06-10,13.374,13.277999999999999,13.477,13.159,2198386.0
2015-06-11,13.277999999999999,13.119000000000002,13.35,13.015999999999998,1706960.0
2015-06-12,13.119000000000002,13.142999999999999,13.238,12.984000000000002,1903388.0
2015-06-15,13.159,12.673,13.215,12.657,2192176.0
2015-06-16,12.578,12.45,12.785,12.339,1812179.0
2015-06-17,12.602,12.522,12.649000000000001,12.299000000000001,1715942.0
2015-06-18,12.482000000000001,12.243,12.482000000000001,11.949000000000002,1602554.0
2015-06-19,12.14,11.645999999999999,12.251,11.543,1565520.0
2015-06-23,11.654000000000002,11.901,11.917,11.232000000000001,1805488.0
2015-06-24,11.940999999999999,12.036,12.044,11.702,1531996.0
2015-06-25,12.402999999999999,11.837,12.442,11.75,2079164.0
2015-06-26,11.654000000000002,10.962,11.901,10.651,2555321.0
2015-06-29,11.208,10.795,11.264000000000001,10.15,2612943.0
2015-06-30,10.779000000000002,11.575,11.575,10.651,2548103.0
2015-07-01,11.423,11.081,11.614,10.937999999999999,1835406.0
2015-07-02,11.065,10.946,11.392000000000001,10.651,1982826.0
2015-07-03,11.129000000000001,10.404000000000002,11.137,10.182,2597458.0
2015-07-06,11.384,11.049000000000001,11.392000000000001,10.58,3381526.0
2015-07-07,10.874,11.662,11.662,10.515999999999998,4808311.0
2015-07-08,10.994000000000002,10.5,11.145,10.5,4996696.0
2015-07-09,10.5,11.352,11.495,9.64,4344355.0
2015-07-10,11.025,11.829,12.227,10.834000000000001,4650987.0
2015-07-13,11.463,11.495,11.853,11.24,3268196.0
2015-07-14,11.304,11.040999999999999,11.447000000000001,10.755,2580229.0
2015-07-15,10.874,10.81,11.113,10.667,1626423.0
2015-07-16,10.825999999999999,10.825999999999999,10.954,10.683,1388939.0
2015-07-17,10.874,11.002,11.097000000000001,10.770999999999999,1680637.0
2015-07-20,10.985999999999999,10.825999999999999,10.985999999999999,10.770999999999999,1358683.0
2015-07-21,10.755,10.802,10.857999999999999,10.651,1131643.0
2015-07-22,10.739,10.763,10.779000000000002,10.619000000000002,1138090.0
2015-07-23,10.715,10.882,10.946,10.675,1483696.0
2015-07-24,10.89,10.651,10.905999999999999,10.603,1339309.0
2015-07-27,10.548,9.902999999999999,10.603,9.585,1787859.0
2015-07-28,9.704,10.046,10.158,9.672,2011200.0
2015-07-29,10.03,10.03,10.046,9.855,971682.0
2015-07-30,10.038,9.76,10.062000000000001,9.736,770278.0
2015-07-31,9.68,9.839,9.887,9.568999999999999,1202746.0
2015-08-03,9.712,10.205,10.229,9.672,1405122.0
2015-08-04,10.166,10.237,10.341,10.022,774937.0
2015-08-05,10.19,10.022,10.309000000000001,10.006,551802.0
2015-08-06,9.951,9.975,10.134,9.895,450218.0
2015-08-07,10.038,10.038,10.126,9.982999999999999,622010.0
2015-08-10,10.078,10.285,10.341,9.991,1053111.0
2015-08-11,10.277000000000001,10.221,10.309000000000001,10.182,828493.0
2015-08-12,10.102,10.006,10.166,9.998,686822.0
2015-08-13,9.959,10.006,10.086,9.887,606344.0
2015-08-14,10.102,10.062000000000001,10.15,10.014,823789.0
2015-08-17,10.038,9.982999999999999,10.102,9.911,679642.0
2015-08-18,9.951,9.767999999999999,10.142000000000001,9.513,1176324.0
2015-08-19,9.632,9.736,9.736,9.472999999999999,958894.0
2015-08-20,9.687999999999999,9.592,9.687999999999999,9.472999999999999,677634.0
2015-08-21,9.472999999999999,9.155,9.545,9.123,933367.0
2015-08-24,8.836,8.238999999999999,8.892000000000001,8.238999999999999,1518029.0
2015-08-25,7.841,7.531000000000001,8.238999999999999,7.419,2192333.0
2015-08-26,7.642,7.888999999999999,8.144,7.403,2491919.0
2015-08-27,8.088,8.597000000000001,8.677,7.849,1849235.0
2015-08-28,8.669,8.621,8.828,8.398,1608029.0
2015-08-31,8.526,8.812000000000001,8.812000000000001,8.343,1464297.0
2015-09-01,8.677,9.21,9.242,8.446,2657661.0
2015-09-02,8.9,9.425,9.552999999999999,8.804,2815746.0
2015-09-07,9.193999999999999,8.669,9.202,8.669,1376110.0
2015-09-08,8.661,8.757,8.876,8.43,747292.0
2015-09-09,8.781,8.836,8.908,8.661,851073.0
2015-09-10,8.757,8.796,8.9,8.709,465205.0
2015-09-11,8.773,8.725,8.852,8.661,426450.0
2015-09-14,8.749,8.652999999999999,8.757,8.318999999999999,756452.0
2015-09-15,8.51,8.414,8.637,8.359,542839.0
2015-09-16,8.43,8.677,8.82,8.375,569243.0
2015-09-17,8.637,8.574,8.868,8.574,620798.0
2015-09-18,8.629,8.605,8.725,8.542,318272.0
2015-09-21,8.517999999999999,8.613,8.669,8.478,386111.0
2015-09-22,8.621,8.725,8.804,8.613,492955.0
2015-09-23,8.645,8.517999999999999,8.685,8.502,371150.0
2015-09-24,8.566,8.526,8.605,8.494,258632.0
2015-09-25,8.51,8.398,8.526,8.318999999999999,446420.0
2015-09-28,8.406,8.382,8.43,8.302999999999999,199087.0
2015-09-29,8.318999999999999,8.263,8.406,8.215,333603.0
2015-09-30,8.279,8.351,8.43,8.271,364659.0
2015-10-08,8.637,8.517999999999999,8.669,8.517999999999999,494070.0
2015-10-09,8.558,8.677,8.717,8.533999999999999,474612.0
2015-10-12,8.725,8.94,9.059,8.685,849665.0
2015-10-13,8.916,8.86,8.964,8.828,359798.0
2015-10-14,8.788,8.741,8.876,8.709,418980.0
2015-10-15,8.717,8.892000000000001,8.892000000000001,8.709,485900.0
2015-10-16,8.924,8.94,8.995,8.884,570001.0
2015-10-19,8.972000000000001,8.964,9.035,8.876,723371.0
2015-10-20,8.916,9.011000000000001,9.059,8.908,715163.0
2015-10-21,8.987,8.932,9.354,8.9,1332629.0
2015-10-22,8.956,9.019,9.075,8.9,822805.0
2015-10-23,9.067,9.131,9.179,9.027000000000001,937425.0
2015-10-26,9.234,9.171,9.401,9.107000000000001,1085917.0
2015-10-27,9.155,9.139,9.266,9.027000000000001,580436.0
2015-10-28,9.123,8.972000000000001,9.139,8.956,544811.0
2015-10-29,8.995,8.972000000000001,9.043,8.956,316703.0
2015-10-30,8.995,9.043,9.091000000000001,8.972000000000001,535930.0
2015-11-02,8.972000000000001,8.868,9.011000000000001,8.836,484435.0
2015-11-03,8.876,8.796,8.924,8.765,391265.0
2015-11-04,8.82,9.306000000000001,9.314,8.796,1307244.0
2015-11-05,9.234,9.607999999999999,10.006,9.193999999999999,2292189.0
2015-11-06,9.568999999999999,9.863,9.879,9.488999999999999,1463194.0
2015-11-09,9.951,10.300999999999998,10.651,9.919,2413887.0
2015-11-10,10.19,10.15,10.404000000000002,10.038,1125027.0
2015-11-11,10.11,9.991,10.174,9.855,1021735.0
2015-11-12,10.03,9.871,10.07,9.776,671139.0
2015-11-13,9.728,9.744,9.935,9.704,587555.0
2015-11-16,9.656,9.823,9.863,9.624,559848.0
2015-11-17,9.879,9.951,10.11,9.839,1046486.0
2015-11-18,9.919,9.887,10.11,9.799,793704.0
2015-11-19,9.871,9.951,9.959,9.815,471120.0
2015-11-20,9.951,9.991,10.022,9.887,598036.0
2015-11-23,9.991,9.911,10.03,9.855,607975.0
2015-11-24,9.879,9.776,9.911,9.68,664214.0
2015-11-25,9.72,9.807,9.847000000000001,9.687999999999999,513462.0
2015-11-26,9.839,9.736,9.855,9.712,552210.0
2015-11-27,9.696,9.338,9.712,9.179,728025.0
2015-11-30,9.33,9.346,9.449,9.155,658493.0
2015-12-01,9.314,9.354,9.441,9.163,680253.0
2015-12-02,9.314,9.959,10.062000000000001,9.282,1615760.0
2015-12-03,9.863,9.911,10.15,9.752,1425976.0
2015-12-04,9.799,9.648,9.855,9.616,764532.0
2015-12-07,9.696,9.672,9.752,9.585,402792.0
2015-12-08,9.607999999999999,9.521,9.624,9.472999999999999,503101.0
2015-12-09,9.488999999999999,9.545,9.648,9.472999999999999,429384.0
2015-12-10,9.513,9.521,9.664,9.481,417603.0
2015-12-11,9.481,9.417,9.488999999999999,9.338,379508.0
2015-12-14,9.338,9.607999999999999,9.64,9.322000000000001,587236.0
2015-12-15,9.577,9.488999999999999,9.624,9.441,364487.0
2015-12-16,9.537,9.465,9.561,9.457,392762.0
2015-12-17,9.529,9.607999999999999,9.664,9.521,648274.0
2015-12-18,9.577,9.736,9.991,9.568999999999999,1022944.0
2015-12-21,9.664,9.959,10.126,9.64,1281142.0
2015-12-22,9.951,9.895,10.046,9.855,698091.0
2015-12-23,9.927,9.935,10.174,9.871,1039018.0
2015-12-24,9.919,9.823,9.998,9.744,640229.0
2015-12-25,9.855,9.879,9.927,9.815,399845.0
2015-12-28,9.895,9.537,9.919,9.537,822408.0
2015-12-29,9.545,9.624,9.632,9.529,619802.0
2015-12-30,9.624,9.632,9.64,9.513,532667.0
2015-12-31,9.632,9.545,9.656,9.537,491258.0
2016-01-04,9.552999999999999,8.995,9.577,8.94,563497.0
2016-01-05,8.972000000000001,9.075,9.21,8.876,663269.0
2016-01-06,9.091000000000001,9.179,9.202,9.067,515706.0
2016-01-07,9.083,8.709,9.083,8.685,174761.0
2016-01-08,8.924,8.852,8.987,8.677,747527.0
2016-01-11,8.757,8.566,8.82,8.502,732013.0
2016-01-12,8.621,8.605,8.685,8.47,561642.0
2016-01-13,8.669,8.526,8.709,8.517999999999999,391709.0
2016-01-14,8.43,8.574,8.597000000000001,8.343,666314.0
2016-01-15,8.486,8.327,8.597000000000001,8.295,448202.0
2016-01-18,8.231,8.287,8.406,8.199,421040.0
2016-01-19,8.318999999999999,8.526,8.582,8.287,501109.0
2016-01-20,8.517999999999999,8.39,8.597000000000001,8.311,603752.0
2016-01-21,8.343,8.215,8.558,8.215,606145.0
2016-01-22,8.279,8.279,8.318999999999999,8.136000000000001,466752.0
2016-01-25,8.279,8.255,8.311,8.222999999999999,376431.0
2016-01-26,8.215,7.857,8.215,7.849,647901.0
2016-01-27,7.905,7.865,7.945,7.642,569037.0
2016-01-28,7.817,7.7139999999999995,7.872999999999999,7.682,302540.0
2016-01-29,7.754,7.961,8.024,7.7139999999999995,544435.0
2016-02-01,7.945,7.801,7.968999999999999,7.754,417732.0
2016-02-02,7.801,7.921,7.984,7.785,369104.0
2016-02-03,7.841,7.841,7.872999999999999,7.777,274572.0
2016-02-04,7.872999999999999,7.921,7.961,7.865,373099.0
2016-02-05,7.928999999999999,7.897,7.937,7.888999999999999,270893.0
2016-02-15,7.69,7.792999999999999,7.841,7.682,278499.0
2016-02-16,7.832999999999999,7.968999999999999,7.984,7.825,428386.0
2016-02-17,7.984,8.08,8.136000000000001,7.952999999999999,585167.0
2016-02-18,8.104,8.032,8.136000000000001,8.032,406178.0
2016-02-19,8.032,7.992000000000001,8.072000000000001,7.952999999999999,318898.0
2016-02-22,8.064,8.191,8.207,8.008,617739.0
2016-02-23,8.191,8.056000000000001,8.191,8.0,425874.0
2016-02-24,8.008,8.08,8.08,7.968999999999999,300103.0
2016-02-25,8.056000000000001,7.6979999999999995,8.064,7.642,622072.0
2016-02-26,7.777,7.792999999999999,7.825,7.69,392154.0
2016-02-29,7.792999999999999,7.61,7.809,7.499,566896.0
2016-03-01,7.6579999999999995,7.722,7.777,7.626,377910.0
2016-03-02,7.7620000000000005,8.04,8.064,7.7379999999999995,676613.0
2016-03-03,8.032,8.048,8.104,7.992000000000001,553089.0
2016-03-04,8.032,8.279,8.359,8.016,1381249.0
2016-03-07,8.238999999999999,8.231,8.351,8.199,606352.0
2016-03-08,8.247,8.183,8.247,7.912999999999999,643156.0
2016-03-09,8.072000000000001,8.096,8.136000000000001,7.992000000000001,325900.0
2016-03-10,8.152000000000001,8.08,8.238999999999999,8.064,474020.0
2016-03-11,8.04,8.088,8.136000000000001,7.992000000000001,383736.0
2016-03-14,8.128,8.168,8.327,8.128,655158.0
2016-03-15,8.183,8.215,8.247,8.088,417920.0
2016-03-16,8.176,8.238999999999999,8.318999999999999,8.16,664886.0
2016-03-17,8.247,8.295,8.343,8.199,610996.0
2016-03-18,8.295,8.39,8.414,8.279,797215.0
2016-03-21,8.398,8.597000000000001,8.645,8.398,920432.0
2016-03-22,8.574,8.533999999999999,8.709,8.51,625482.0
2016-03-23,8.526,8.517999999999999,8.574,8.446,430278.0
2016-03-24,8.446,8.375,8.462,8.359,372406.0
2016-03-25,8.367,8.43,8.437999999999999,8.359,237070.0
2016-03-28,8.454,8.343,8.478,8.318999999999999,358621.0
2016-03-29,8.367,8.302999999999999,8.375,8.263,318317.0
2016-03-30,8.343,8.517999999999999,8.517999999999999,8.335,539699.0
2016-03-31,8.526,8.47,8.558,8.47,418387.0
2016-04-01,8.454,8.486,8.51,8.359,369341.0
2016-04-05,8.454,8.517999999999999,8.605,8.359,592308.0
2016-04-06,8.502,8.533999999999999,8.558,8.446,435259.0
2016-04-07,8.533999999999999,8.43,8.542,8.43,377719.0
2016-04-08,8.398,8.414,8.494,8.359,376553.0
2016-04-11,8.437999999999999,8.533999999999999,8.597000000000001,8.437999999999999,786386.0
2016-04-12,8.517999999999999,8.494,8.526,8.454,298599.0
2016-04-13,8.542,8.605,8.732999999999999,8.526,856760.0
2016-04-14,8.661,8.629,8.677,8.589,323646.0
2016-04-15,8.629,8.661,8.709,8.597000000000001,497224.0
2016-04-18,8.613,8.542,8.637,8.542,350654.0
2016-04-19,8.574,8.574,8.605,8.526,218239.0
2016-04-20,8.574,8.375,8.582,8.247,606586.0
2016-04-21,8.375,8.367,8.462,8.318999999999999,558799.0
2016-04-22,8.327,8.398,8.454,8.287,359677.0
2016-04-25,8.406,8.359,8.406,8.295,349257.0
2016-04-26,8.343,8.43,8.437999999999999,8.327,291699.0
2016-04-27,8.422,8.414,8.446,8.375,239553.0
2016-04-28,8.422,8.486,8.566,8.39,457460.0
2016-04-29,8.47,8.414,8.47,8.398,404977.0
2016-05-03,8.422,8.502,8.533999999999999,8.375,489102.0
2016-05-04,8.502,8.533999999999999,8.558,8.486,412435.0
2016-05-05,8.51,8.533999999999999,8.533999999999999,8.478,239516.0
2016-05-06,8.542,8.375,8.542,8.375,346545.0
2016-05-09,8.359,8.238999999999999,8.382,8.215,411171.0
2016-05-10,8.231,8.183,8.255,8.176,292599.0
2016-05-11,8.199,8.255,8.311,8.199,327289.0
2016-05-12,8.207,8.263,8.279,8.16,325885.0
2016-05-13,8.238999999999999,8.238999999999999,8.279,8.222999999999999,184266.0
2016-05-16,8.215,8.247,8.247,8.16,215224.0
2016-05-17,8.247,8.199,8.255,8.152000000000001,250424.0
2016-05-18,8.191,8.199,8.215,8.096,534150.0
2016-05-19,8.176,8.16,8.215,8.16,170777.0
2016-05-20,8.152000000000001,8.199,8.222999999999999,8.112,206703.0
2016-05-23,8.222999999999999,8.183,8.231,8.16,323646.0
2016-05-24,8.176,8.128,8.183,8.112,259294.0
2016-05-25,8.16,8.144,8.183,8.112,204235.0
2016-05-26,8.136000000000001,8.136000000000001,8.176,8.096,261396.0
2016-05-27,8.136000000000001,8.176,8.191,8.112,222818.0
2016-05-30,8.16,8.183,8.183,8.12,380946.0
2016-05-31,8.168,8.398,8.414,8.168,946467.0
2016-06-01,8.367,8.343,8.398,8.311,556750.0
2016-06-02,8.335,8.327,8.343,8.295,293036.0
2016-06-03,8.335,8.359,8.375,8.287,423389.0
2016-06-06,8.367,8.367,8.382,8.318999999999999,338332.0
2016-06-07,8.375,8.375,8.382,8.343,229282.0
2016-06-08,8.39,8.359,8.39,8.327,268188.0
2016-06-13,8.327,8.222999999999999,8.335,8.222999999999999,344816.0
2016-06-14,8.231,8.279,8.287,8.215,273637.0
2016-06-15,8.222999999999999,8.311,8.343,8.215,378172.0
2016-06-16,8.311,8.311,8.34,8.272,386670.0
2016-06-17,8.311,8.32,8.349,8.282,315173.0
2016-06-20,8.33,8.34,8.34,8.301,270731.0
2016-06-21,8.349,8.349,8.388,8.32,380749.0
2016-06-22,8.34,8.466000000000001,8.466000000000001,8.32,478002.0
2016-06-23,8.408,8.398,8.437000000000001,8.369,335614.0
2016-06-24,8.379,8.311,8.437000000000001,8.262,427664.0
2016-06-27,8.311,8.349,8.379,8.282,325214.0
2016-06-28,8.32,8.369,8.379,8.301,336519.0
2016-06-29,8.369,8.427,8.427,8.359,369611.0
2016-06-30,8.427,8.437000000000001,8.476,8.398,362204.0
2016-07-01,8.427,8.446,8.466000000000001,8.417,348930.0
2016-07-04,8.427,8.543,8.592,8.408,608257.0
2016-07-05,8.533999999999999,8.543,8.562999999999999,8.505,422037.0
2016-07-06,8.533999999999999,8.524,8.552999999999999,8.495,322950.0
2016-07-07,8.524,8.514,8.533999999999999,8.476,312853.0
2016-07-08,8.524,8.476,8.524,8.466000000000001,261342.0
2016-07-11,8.485,8.485,8.524,8.476,365372.0
2016-07-12,8.485,8.611,8.621,8.476,711832.0
2016-07-13,8.611,8.718,8.776,8.592,798288.0
2016-07-14,8.699,8.669,8.728,8.64,359699.0
2016-07-15,8.679,8.718,8.728,8.64,352033.0
2016-07-18,8.718,8.766,8.805,8.699,506934.0
2016-07-19,8.766,8.699,8.776,8.679,362787.0
2016-07-20,8.689,8.689,8.718,8.679,310926.0
2016-07-21,8.679,8.718,8.737,8.679,340261.0
2016-07-22,8.718,8.669,8.718,8.65,295549.0
2016-07-25,8.66,8.708,8.708,8.64,264682.0
2016-07-26,8.699,8.834,8.844,8.699,546556.0
2016-07-27,8.844,8.737,8.892000000000001,8.64,818678.0
2016-07-28,8.708,8.805,8.834,8.699,479910.0
2016-07-29,8.805,8.922,8.96,8.757,671425.0
2016-08-01,8.902000000000001,8.999,9.057,8.892000000000001,759324.0
2016-08-02,8.96,8.97,8.98,8.892000000000001,449165.0
2016-08-03,8.931000000000001,8.902000000000001,8.941,8.873,424622.0
2016-08-04,8.892000000000001,8.718,8.902000000000001,8.66,1344462.0
2016-08-05,8.718,8.766,8.796,8.679,725948.0
2016-08-08,8.766,8.834,8.834,8.737,398479.0
2016-08-09,8.815,8.873,8.873,8.796,415676.0
2016-08-10,8.873,8.863,8.902000000000001,8.844,436655.0
2016-08-11,8.863,8.941,9.067,8.854,935576.0
2016-08-12,8.922,9.213,9.242,8.902000000000001,1370021.0
2016-08-15,9.261000000000001,9.387,9.503,9.222000000000001,1897552.0
2016-08-16,9.387,9.232000000000001,9.387,9.174,1099558.0
2016-08-17,9.232000000000001,9.261000000000001,9.309,9.193,560725.0
2016-08-18,9.271,9.213,9.3,9.145,691504.0
2016-08-19,9.203,9.222000000000001,9.232000000000001,9.145,505334.0
2016-08-22,9.213,9.116,9.222000000000001,9.077,979432.0
2016-08-23,9.096,9.116,9.164,9.086,890656.0
2016-08-24,9.125,9.145,9.145,9.096,732281.0
2016-08-25,9.135,9.154,9.164,9.057,617389.0
2016-08-26,9.164,9.164,9.183,9.116,502233.0
2016-08-29,9.125,9.135,9.164,9.096,565231.0
2016-08-30,9.135,9.183,9.183,9.125,595081.0
2016-08-31,9.174,9.203,9.213,9.145,489746.0
2016-09-01,9.203,9.164,9.232000000000001,9.135,480131.0
2016-09-02,9.145,9.164,9.174,9.135,368796.0
2016-09-05,9.174,9.135,9.174,9.116,469936.0
2016-09-06,9.135,9.125,9.145,9.077,574738.0
2016-09-07,9.125,9.116,9.135,9.086,459373.0
2016-09-08,9.106,9.116,9.135,9.096,295218.0
2016-09-09,9.116,9.096,9.145,9.077,327431.0
2016-09-12,9.009,8.883,9.038,8.854,756581.0
2016-09-13,8.902000000000001,8.912,8.931000000000001,8.863,460931.0
2016-09-14,8.892000000000001,8.786,8.902000000000001,8.776,421481.0
2016-09-19,8.776,8.844,8.863,8.776,354348.0
2016-09-20,8.844,8.805,8.844,8.766,436678.0
2016-09-21,8.805,8.805,8.825,8.757,405665.0
2016-09-22,8.825,8.883,8.902000000000001,8.815,494613.0
2016-09-23,8.883,8.873,8.912,8.863,288798.0
2016-09-26,8.854,8.766,8.854,8.766,439481.0
2016-09-27,8.766,8.786,8.796,8.737,401323.0
2016-09-28,8.786,8.776,8.786,8.757,271366.0
2016-09-29,8.776,8.786,8.805,8.776,303664.0
2016-09-30,8.786,8.796,8.825,8.776,308084.0
2016-10-10,8.825,8.844,8.892000000000001,8.805,611381.0
2016-10-11,8.854,8.873,8.873,8.834,363370.0
2016-10-12,8.863,8.854,8.883,8.844,270316.0
2016-10-13,8.805,8.796,8.834,8.776,632367.0
2016-10-14,8.786,8.815,8.815,8.766,335411.0
2016-10-17,8.805,8.776,8.815,8.757,359223.0
2016-10-18,8.757,8.815,8.815,8.757,593737.0
2016-10-19,8.815,8.805,8.834,8.776,482636.0
2016-10-20,8.805,8.796,8.815,8.776,342844.0
2016-10-21,8.805,8.854,8.854,8.786,683896.0
2016-10-24,8.854,8.96,9.019,8.844,915677.0
2016-10-25,8.97,8.931000000000001,8.98,8.902000000000001,500752.0
2016-10-26,8.941,8.873,8.941,8.854,440452.0
2016-10-27,8.883,8.883,8.892000000000001,8.844,324140.0
2016-10-28,8.883,8.892000000000001,8.951,8.863,541997.0
2016-10-31,8.873,8.873,8.883,8.815,493596.0
2016-11-01,8.863,8.863,8.883,8.834,525415.0
2016-11-02,8.863,8.796,8.863,8.776,633586.0
2016-11-03,8.786,8.854,8.863,8.776,616871.0
2016-11-04,8.834,8.834,8.892000000000001,8.825,508117.0
2016-11-07,8.825,8.844,8.844,8.796,497240.0
2016-11-08,8.844,8.873,8.873,8.825,806694.0
2016-11-09,8.863,8.796,8.863,8.737,722616.0
2016-11-10,8.825,8.863,8.883,8.825,631998.0
2016-11-11,8.863,8.902000000000001,8.902000000000001,8.834,812269.0
2016-11-14,8.883,8.941,8.97,8.883,975078.0
2016-11-15,8.922,8.951,8.96,8.902000000000001,554342.0
2016-11-16,8.951,8.951,8.96,8.922,415842.0
2016-11-17,8.941,8.931000000000001,8.941,8.902000000000001,505324.0
2016-11-18,8.931000000000001,8.902000000000001,8.931000000000001,8.883,517597.0
2016-11-21,8.902000000000001,8.96,8.999,8.892000000000001,850243.0
2016-11-22,8.96,9.077,9.077,8.951,1180256.0
2016-11-23,9.057,9.164,9.271,9.057,1752869.0
2016-11-24,9.154,9.183,9.232000000000001,9.135,779748.0
2016-11-25,9.193,9.329,9.329,9.174,1013674.0
2016-11-28,9.397,9.339,9.484,9.309,1279689.0
2016-11-29,9.3,9.329,9.406,9.261000000000001,887779.0
2016-11-30,9.357999999999999,9.261000000000001,9.426,9.213,1025963.0
2016-12-01,9.28,9.309,9.339,9.261000000000001,646004.0
2016-12-02,9.309,9.261000000000001,9.309,9.154,829686.0
2016-12-05,9.213,9.174,9.251,9.125,764365.0
2016-12-06,9.193,9.203,9.232000000000001,9.164,602902.0
2016-12-07,9.193,9.193,9.203,9.125,493404.0
2016-12-08,9.213,9.232000000000001,9.261000000000001,9.145,671452.0
2016-12-09,9.213,9.357999999999999,9.455,9.193,1514199.0
2016-12-12,9.357999999999999,9.213,9.474,9.154,1256874.0
2016-12-13,9.193,9.135,9.213,9.048,645771.0
2016-12-14,9.135,9.116,9.222000000000001,9.116,597705.0
2016-12-15,9.086,8.97,9.125,8.931000000000001,827612.0
2016-12-16,8.96,8.97,9.009,8.931000000000001,396813.0
2016-12-19,8.941,8.922,8.951,8.892000000000001,494010.0
2016-12-20,8.922,8.834,8.922,8.805,636638.0
2016-12-21,8.844,8.883,8.883,8.834,369920.0
2016-12-22,8.873,8.863,8.883,8.834,341341.0
2016-12-23,8.863,8.805,8.863,8.796,382912.0
2016-12-26,8.786,8.844,8.854,8.747,302058.0
2016-12-27,8.844,8.805,8.854,8.796,268841.0
2016-12-28,8.805,8.786,8.834,8.766,336055.0
2016-12-29,8.796,8.805,8.815,8.776,338758.0
2016-12-30,8.805,8.825,8.825,8.786,302607.0
2017-01-03,8.834,8.883,8.902000000000001,8.815,459840.0
2017-01-04,8.873,8.883,8.902000000000001,8.863,449329.0
2017-01-05,8.892000000000001,8.892000000000001,8.902000000000001,8.873,344372.0
2017-01-06,8.892000000000001,8.854,8.892000000000001,8.834,358154.0
2017-01-09,8.854,8.873,8.892000000000001,8.834,361081.0
2017-01-10,8.873,8.873,8.883,8.863,241053.0
2017-01-11,8.863,8.863,8.892000000000001,8.854,303430.0
2017-01-12,8.854,8.873,8.892000000000001,8.854,428006.0
2017-01-13,8.863,8.883,8.912,8.844,434301.0
2017-01-16,8.873,8.863,8.883,8.796,683165.0
2017-01-17,8.844,8.873,8.883,8.825,545552.0
2017-01-18,8.863,8.892000000000001,8.912,8.854,574269.0
2017-01-19,8.873,8.902000000000001,8.96,8.873,437712.0
2017-01-20,8.892000000000001,8.941,8.951,8.892000000000001,393328.0
2017-01-23,8.941,8.941,8.98,8.922,420299.0
2017-01-24,8.951,8.988999999999999,8.999,8.922,470244.0
2017-01-25,8.988999999999999,8.98,8.999,8.97,304401.0
2017-01-26,8.988999999999999,9.048,9.057,8.98,420712.0
2017-02-03,9.057,8.98,9.077,8.951,315472.0
2017-02-06,8.98,9.027999999999999,9.038,8.98,516786.0
2017-02-07,9.027999999999999,9.019,9.038,8.988999999999999,396884.0
2017-02-08,9.009,9.019,9.019,8.96,360272.0
2017-02-09,9.019,9.027999999999999,9.048,8.999,342855.0
2017-02-10,9.038,9.048,9.077,9.027999999999999,482743.0
2017-02-13,9.057,9.125,9.154,9.048,638364.0
2017-02-14,9.125,9.116,9.135,9.086,362404.0
2017-02-15,9.116,9.164,9.251,9.106,756613.0
2017-02-16,9.164,9.174,9.213,9.135,411161.0
2017-02-17,9.174,9.106,9.203,9.086,423774.0
2017-02-20,9.116,9.271,9.29,9.116,898755.0
2017-02-21,9.261000000000001,9.28,9.329,9.251,646584.0
2017-02-22,9.28,9.28,9.28,9.213,462966.0
2017-02-23,9.261000000000001,9.222000000000001,9.28,9.193,335327.0
2017-02-24,9.213,9.213,9.251,9.193,332500.0
2017-02-27,9.213,9.145,9.213,9.135,407341.0
2017-02-28,9.145,9.193,9.222000000000001,9.135,369719.0
2017-03-01,9.203,9.203,9.261000000000001,9.183,346993.0
2017-03-02,9.222000000000001,9.145,9.251,9.135,403628.0
2017-03-03,9.125,9.116,9.145,9.077,342655.0
2017-03-06,9.116,9.164,9.174,9.106,404511.0
2017-03-07,9.154,9.164,9.174,9.116,294672.0
2017-03-08,9.145,9.135,9.164,9.116,244438.0
2017-03-09,9.125,9.096,9.145,9.077,378169.0
2017-03-10,9.096,9.116,9.125,9.077,390182.0
2017-03-13,9.106,9.154,9.164,9.086,545304.0
2017-03-14,9.145,9.154,9.174,9.125,404484.0
2017-03-15,9.135,9.193,9.193,9.135,546560.0
2017-03-16,9.193,9.232000000000001,9.242,9.164,635953.0
2017-03-17,9.164,9.027999999999999,9.174,9.019,1583647.0
2017-03-20,9.009,8.97,9.027999999999999,8.941,715021.0
2017-03-21,8.97,8.96,8.98,8.922,554648.0
2017-03-22,8.922,8.883,8.941,8.863,566123.0
2017-03-23,8.883,8.922,8.96,8.873,433588.0
2017-03-24,8.922,8.912,8.96,8.883,710827.0
2017-03-27,8.844,8.863,8.912,8.805,985012.0
2017-03-28,8.883,8.844,8.892000000000001,8.825,481372.0
2017-03-29,8.854,8.834,8.873,8.815,601140.0
2017-03-30,8.844,8.805,8.844,8.786,687285.0
2017-03-31,8.805,8.892000000000001,8.902000000000001,8.805,633121.0
2017-04-05,8.883,8.931000000000001,8.941,8.873,499150.0
2017-04-06,8.922,8.922,8.941,8.892000000000001,434391.0
2017-04-07,8.912,8.922,8.941,8.892000000000001,514844.0
2017-04-10,8.922,8.902000000000001,8.931000000000001,8.892000000000001,401343.0
2017-04-11,8.892000000000001,8.873,8.912,8.815,612437.0
2017-04-12,8.883,8.844,8.892000000000001,8.825,455336.0
2017-04-13,8.834,8.844,8.863,8.825,357442.0
2017-04-14,8.834,8.805,8.844,8.786,490500.0
2017-04-17,8.805,8.825,8.834,8.776,531892.0
2017-04-18,8.815,8.776,8.825,8.776,335376.0
2017-04-19,8.757,8.64,8.766,8.631,799668.0
2017-04-20,8.631,8.65,8.669,8.621,437629.0
2017-04-21,8.65,8.699,8.718,8.631,325408.0
2017-04-24,8.699,8.66,8.708,8.621,394995.0
2017-04-25,8.66,8.728,8.737,8.66,377933.0
2017-04-26,8.728,8.718,8.737,8.689,382147.0
2017-04-27,8.699,8.699,8.708,8.64,387392.0
2017-04-28,8.689,8.718,8.718,8.65,286446.0
2017-05-02,8.689,8.669,8.689,8.631,311026.0
2017-05-03,8.65,8.64,8.66,8.621,280310.0
2017-05-04,8.621,8.476,8.621,8.456,696517.0
2017-05-05,8.476,8.369,8.495,8.32,623700.0
2017-05-08,8.34,8.311,8.359,8.282,460089.0
2017-05-09,8.301,8.379,8.379,8.291,324194.0
2017-05-10,8.369,8.408,8.533999999999999,8.359,573077.0
2017-05-11,8.388,8.437000000000001,8.456,8.34,503643.0
2017-05-12,8.417,8.631,8.631,8.379,917968.0
2017-05-15,8.621,8.592,8.679,8.543,536578.0
2017-05-16,8.572000000000001,8.572000000000001,8.582,8.466000000000001,524872.0
2017-05-17,8.543,8.505,8.543,8.485,417338.0
2017-05-18,8.456,8.466000000000001,8.505,8.446,227401.0
2017-05-19,8.476,8.427,8.495,8.417,294270.0
2017-05-22,8.417,8.417,8.466000000000001,8.349,679120.0
2017-05-23,8.408,8.524,8.572000000000001,8.379,800040.0
2017-05-24,8.514,8.543,8.562999999999999,8.417,532376.0
2017-05-25,8.524,8.825,8.863,8.514,1621543.0
2017-05-26,8.805,8.825,8.854,8.766,895365.0
2017-05-31,8.825,8.922,8.951,8.786,1033210.0
2017-06-01,8.922,8.912,8.951,8.844,566182.0
2017-06-02,8.902000000000001,8.892000000000001,9.009,8.863,770757.0
2017-06-05,8.854,8.757,8.892000000000001,8.718,634132.0
2017-06-06,8.737,8.766,8.786,8.718,355341.0
2017-06-07,8.747,8.854,8.873,8.737,645723.0
2017-06-08,8.834,8.854,8.873,8.805,383004.0
2017-06-09,8.873,8.873,8.941,8.844,685468.0
2017-06-12,8.873,8.834,8.912,8.825,504578.0
2017-06-13,8.834,8.844,8.863,8.776,448434.0
2017-06-14,8.844,8.805,8.854,8.766,375444.0
2017-06-15,8.805,8.766,8.805,8.757,337797.0
2017-06-16,8.766,8.747,8.805,8.737,285991.0
2017-06-19,8.757,8.854,8.873,8.747,489704.0
2017-06-20,8.844,8.844,8.883,8.815,313615.0
2017-06-21,8.892000000000001,8.873,8.902000000000001,8.834,496932.0
2017-06-22,8.873,8.97,9.116,8.863,1426958.0
2017-06-23,8.951,8.97,8.988999999999999,8.883,584004.0
2017-06-26,8.98,9.019,9.116,8.98,710769.0
2017-06-27,9.019,9.077,9.106,8.988999999999999,546016.0
2017-06-28,9.067,9.145,9.203,9.048,1168796.0
2017-06-29,9.145,9.145,9.164,9.086,488804.0
2017-06-30,9.116,9.106,9.145,9.027999999999999,499633.0
2017-07-03,9.116,9.116,9.145,9.057,388349.0
2017-07-04,9.116,9.057,9.125,9.019,488362.0
2017-07-05,9.009,9.086,9.096,8.988999999999999,567720.0
2017-07-06,9.077,9.116,9.125,9.027999999999999,738911.0
2017-07-07,9.086,9.183,9.193,9.057,760369.0
2017-07-10,9.164,9.3,9.368,9.154,1360815.0
2017-07-11,9.318999999999999,9.94,10.142999999999999,9.318999999999999,3812086.0
2017-07-12,9.959,10.027000000000001,10.26,9.891,2998844.0
2017-07-13,9.988,10.57,10.57,9.93,2994534.0
2017-07-14,10.482999999999999,10.57,10.609000000000002,10.337,1722570.0
2017-07-17,10.619000000000002,10.482999999999999,10.987,10.395999999999999,3273123.0
2017-07-18,10.425,10.716,10.802999999999999,10.299000000000001,2349431.0
2017-07-19,10.657,10.754000000000001,10.850999999999999,10.550999999999998,1933075.0
2017-07-20,10.745,10.638,10.88,10.58,1537338.0
2017-07-21,10.658,10.717,10.776,10.52,1501020.0
2017-07-24,10.648,10.776,10.884,10.559000000000001,1692664.0
2017-07-25,10.805,10.825,11.091,10.776,1954768.0
2017-07-26,10.745999999999999,10.569,11.002,10.491,1697412.0
2017-07-27,10.55,10.422,10.599,10.363,1194490.0
2017-07-28,10.440999999999999,10.569,10.638,10.412,819195.0
2017-07-31,10.628,10.5,10.648,10.284,1575864.0
2017-08-01,10.470999999999998,10.865,10.904000000000002,10.432,2035709.0
2017-08-02,10.874,10.972999999999999,11.16,10.786,2062069.0
2017-08-03,10.963,10.835,11.042,10.796,984219.0
2017-08-04,10.825,10.992,11.110999999999999,10.755999999999998,1353951.0
2017-08-07,10.884,10.825,10.992,10.727,860644.0
2017-08-08,10.825,10.874,10.933,10.737,689567.0
2017-08-09,10.786,10.559000000000001,10.845,10.51,1042321.0
2017-08-10,10.53,10.450999999999999,10.648,10.372,959879.0
2017-08-11,10.312999999999999,9.861,10.372,9.831,2440643.0
2017-08-14,9.969,10.058,10.087,9.88,1157664.0
2017-08-15,10.077,10.146,10.343,10.048,1075162.0
2017-08-16,10.126,10.176,10.205,9.988999999999999,756806.0
2017-08-17,10.185,10.254000000000001,10.254000000000001,10.126,553642.0
2017-08-18,10.195,10.274000000000001,10.432,10.126,616520.0
2017-08-21,10.264000000000001,10.294,10.353,10.225,399154.0
2017-08-22,10.312999999999999,10.481,10.491,10.205,875681.0
2017-08-23,10.460999999999999,10.727,10.805,10.422,1319151.0
2017-08-24,10.717,10.755999999999998,10.933,10.668,924248.0
2017-08-25,10.765999999999998,10.933,10.992,10.727,963940.0
2017-08-28,10.924000000000001,11.17,11.357000000000001,10.924000000000001,1603938.0
2017-08-29,11.12,11.484000000000002,11.552999999999999,11.100999999999999,1357983.0
2017-08-30,11.494000000000002,11.248,11.514000000000001,11.17,1096674.0
2017-08-31,11.209000000000001,11.100999999999999,11.258,10.972999999999999,1151786.0
2017-09-01,11.100999999999999,11.032,11.209000000000001,10.972999999999999,959976.0
2017-09-04,11.002,11.534,11.534,10.992,1352325.0
2017-09-05,11.494000000000002,11.455,11.75,11.415999999999999,1287518.0
2017-09-06,11.405999999999999,11.514000000000001,11.690999999999999,11.298,791621.0
2017-09-07,11.465,11.258,11.562999999999999,11.209000000000001,614187.0
2017-09-08,11.277999999999999,11.307,11.455,11.199000000000002,481276.0
2017-09-11,11.357000000000001,11.199000000000002,11.504000000000001,11.12,699472.0
2017-09-12,11.199000000000002,11.357000000000001,11.357000000000001,11.091,846183.0
2017-09-13,11.307,11.248,11.357000000000001,11.16,668237.0
2017-09-14,11.248,11.14,11.405999999999999,11.061,883087.0
2017-09-15,11.110999999999999,11.110999999999999,11.14,10.972999999999999,646094.0
2017-09-18,11.071,11.071,11.14,11.022,607612.0
2017-09-19,11.071,10.953,11.16,10.904000000000002,764212.0
2017-09-20,10.963,11.110999999999999,11.189,10.874,787154.0
2017-09-21,11.081,11.277999999999999,11.327,11.022,692407.0
2017-09-22,11.248,11.258,11.337,11.13,593927.0
2017-09-25,11.258,11.110999999999999,11.267999999999999,11.002,532391.0
2017-09-26,11.081,10.874,11.12,10.786,967460.0
2017-09-27,10.835,10.755999999999998,10.904000000000002,10.727,727188.0
2017-09-28,10.805,10.707,10.805,10.648,517220.0
2017-09-29,10.745999999999999,10.933,10.982999999999999,10.687000000000001,682280.0
2017-10-09,11.386,11.12,11.455,11.081,1325227.0
2017-10-10,11.15,11.288,11.317,11.15,747925.0
2017-10-11,11.298,11.347000000000001,11.395999999999999,11.16,658077.0
2017-10-12,11.357000000000001,11.366,11.395999999999999,11.288,578065.0
2017-10-13,11.376,11.179,11.376,11.071,737375.0
2017-10-16,11.179,11.405999999999999,11.415999999999999,11.110999999999999,1036250.0
2017-10-17,11.435,11.327,11.465,11.298,506372.0
2017-10-18,11.347000000000001,11.504000000000001,11.514000000000001,11.327,871365.0
2017-10-19,11.455,11.445,11.534,11.386,722764.0
2017-10-20,11.405999999999999,11.298,11.405999999999999,11.229000000000001,461808.0
2017-10-23,11.209000000000001,11.012,11.219000000000001,10.972999999999999,1074465.0
2017-10-24,11.022,11.209000000000001,11.238,11.002,618871.0
2017-10-25,11.179,11.091,11.189,11.071,418573.0
2017-10-26,11.071,11.002,11.14,10.943,928996.0
2017-10-27,11.012,11.376,11.376,11.002,1360086.0
2017-10-30,11.366,11.376,11.544,11.267999999999999,1278246.0
2017-10-31,11.366,11.357000000000001,11.395999999999999,11.209000000000001,627491.0
2017-11-01,11.376,11.219000000000001,11.405999999999999,11.14,692617.0
2017-11-02,11.179,11.357000000000001,11.395999999999999,11.081,604308.0
2017-11-03,11.307,11.209000000000001,11.494000000000002,11.17,743343.0
2017-11-06,11.238,11.100999999999999,11.238,10.914000000000001,1029902.0
2017-11-07,11.091,11.731,11.898,11.071,2477163.0
2017-11-08,11.809000000000001,11.937000000000001,12.39,11.74,4262825.0
2017-11-09,12.005999999999998,12.134,12.37,11.957,2295289.0
2017-11-10,12.173,12.104000000000001,12.350999999999999,11.957,1757552.0
2017-11-13,12.154000000000002,12.695,12.892000000000001,12.154000000000002,2566906.0
2017-11-14,12.744000000000002,12.744000000000002,13.049000000000001,12.606,1780302.0
2017-11-15,12.695,12.695,12.921,12.567,1263052.0
2017-11-16,12.695,12.892000000000001,12.911,12.469000000000001,1200814.0
2017-11-17,12.960999999999999,12.97,13.245999999999999,12.823,2064149.0
2017-11-20,12.921,14.023,14.023,12.843,2843925.0
2017-11-21,13.845999999999998,14.22,14.555,13.787,2495327.0
2017-11-22,14.25,14.86,14.998,14.25,2570231.0
2017-11-23,14.909,14.122,14.998,13.845999999999998,2429142.0
2017-11-24,14.062999999999999,14.329,14.357999999999999,13.561,2630189.0
2017-11-27,14.073,13.709000000000001,14.073,13.530999999999999,2064085.0
2017-11-28,13.63,13.482000000000001,13.63,13.187000000000001,1766432.0
2017-11-29,13.512,13.6,13.709000000000001,13.255999999999998,1564094.0
2017-11-30,13.482000000000001,13.167,13.512,13.049000000000001,1379635.0
2017-12-01,13.187000000000001,12.793,13.265999999999998,12.754000000000001,1784933.0
2017-12-04,12.843,13.089,13.157,12.793,1454023.0
2017-12-05,12.940999999999999,13.089,13.276,12.892000000000001,1723681.0
2017-12-06,13.049000000000001,12.872,13.059000000000001,12.587,1619844.0
2017-12-07,12.843,12.626,12.931,12.547,1181957.0
2017-12-08,12.685,12.882,12.882,12.547,1351315.0
2017-12-11,12.872,13.285,13.354000000000001,12.675,2261952.0
2017-12-12,13.187000000000001,12.812999999999999,13.265999999999998,12.812999999999999,1743405.0
2017-12-13,12.793,12.921,12.99,12.675,1289248.0
2017-12-14,12.940999999999999,12.793,13.097999999999999,12.705,1001997.0
2017-12-15,12.695,12.517999999999999,12.724,12.469000000000001,1099952.0
2017-12-18,12.527999999999999,12.547,12.705,12.439,805464.0
2017-12-19,12.587,13.069,13.107999999999999,12.537,2397942.0
2017-12-20,12.99,13.049000000000001,13.097999999999999,12.921,1106245.0
2017-12-21,12.97,13.325,13.463,12.950999999999999,1485203.0
2017-12-22,13.285,13.305,13.413,13.235999999999999,742900.0
2017-12-25,13.305,13.039000000000001,13.64,12.950999999999999,1585567.0
2017-12-26,13.049000000000001,13.443,13.472000000000001,12.98,1123688.0
2017-12-27,13.364,13.079,13.561,12.98,1366566.0
2017-12-28,13.069,13.0,13.245999999999999,12.812999999999999,1553030.0
2017-12-29,13.0,13.089,13.217,12.892000000000001,982915.0
2018-01-02,13.138,13.482000000000001,13.709000000000001,13.107999999999999,2081592.0
2018-01-03,13.512,13.118,13.64,12.99,2962498.0
2018-01-04,13.107999999999999,13.039000000000001,13.157,12.921,1854509.0
2018-01-05,13.0,13.089,13.138,12.940999999999999,1210312.0
2018-01-08,13.039000000000001,12.754000000000001,13.079,12.655999999999999,2158620.0
2018-01-09,12.754000000000001,12.872,12.99,12.715,1344345.0
2018-01-10,12.833,13.255999999999998,13.276,12.715,2403277.0
2018-01-11,13.197000000000001,13.187000000000001,13.374,13.059000000000001,1443877.0
2018-01-12,13.235999999999999,13.335,13.463,13.197000000000001,1353991.0
2018-01-15,13.295,13.974,14.102,13.285,3122394.0
2018-01-16,13.945,13.974,14.151,13.797,2444549.0
2018-01-17,14.102,14.004000000000001,14.565,13.974,2656294.0
2018-01-18,14.171,14.485999999999999,14.485999999999999,14.052999999999999,2148026.0
2018-01-19,14.565,14.565,14.889000000000001,14.447000000000001,2571146.0
2018-01-22,14.368,14.21,14.703,14.200999999999999,2073867.0
2018-01-23,14.132,14.417,14.663,14.102,2388791.0
2018-01-24,14.427,14.407,14.84,14.269,2591292.0
2018-01-25,14.22,13.974,14.24,13.777000000000001,2369984.0
2018-01-26,13.955,13.827,14.112,13.797,2032988.0
2018-01-29,13.827,13.522,14.023,13.384,2090546.0
2018-01-30,13.482000000000001,13.433,13.62,13.335,1094739.0
2018-01-31,13.384,13.827,13.827,13.315,1747729.0
2018-02-01,13.728,13.807,14.073,13.62,2005614.0
2018-02-02,13.689,13.827,13.876,13.413,1176512.0
2018-02-05,13.581,14.319,14.338,13.512,2331997.0
2018-02-06,14.004000000000001,13.777000000000001,14.102,13.709000000000001,2582872.0
2018-02-07,13.994000000000002,12.715,14.073,12.557,3345716.0
2018-02-08,12.626,12.341,12.715,12.331,2137815.0
2018-02-09,11.888,11.504000000000001,11.888,11.199000000000002,2824949.0
2018-02-12,11.593,11.534,11.652000000000001,11.376,1228782.0
2018-02-13,11.681,11.75,12.015999999999998,11.652000000000001,1298178.0
2018-02-14,11.77,11.809000000000001,11.839,11.573,864190.0
2018-02-22,12.055,12.262,12.331,12.055,1268406.0
2018-02-23,12.38,12.41,12.587,12.252,1013663.0
2018-02-26,12.567,12.429,12.645999999999999,12.252,1045758.0
2018-02-27,12.439,12.085,12.498,11.995999999999999,1285869.0
2018-02-28,11.908,11.857999999999999,11.995999999999999,11.74,1214145.0
2018-03-01,11.731,11.849,11.957,11.710999999999999,886957.0
2018-03-02,11.731,11.76,11.849,11.662,663124.0
2018-03-05,11.74,11.671,11.888,11.612,754183.0
2018-03-06,11.76,11.908,11.918,11.583,1150162.0
2018-03-07,11.957,11.857999999999999,12.144,11.849,1427570.0
2018-03-08,11.857999999999999,11.918,11.957,11.76,689755.0
2018-03-09,11.957,11.898,12.005999999999998,11.79,943876.0
2018-03-12,11.957,11.839,11.977,11.76,1268701.0
2018-03-13,11.849,11.829,12.026,11.809000000000001,1082267.0
2018-03-14,11.79,11.731,11.809000000000001,11.642000000000001,635594.0
2018-03-15,11.603,11.524000000000001,11.662,11.475,1155694.0
2018-03-16,11.534,11.455,11.662,11.455,962983.0
2018-03-19,11.475,11.642000000000001,11.652000000000001,11.425,808538.0
2018-03-20,11.552999999999999,11.632,11.690999999999999,11.534,776150.0
2018-03-21,11.76,11.710999999999999,11.927,11.662,1445109.0
2018-03-22,11.710999999999999,11.475,11.78,11.435,984278.0
2018-03-23,11.071,11.16,11.17,10.745999999999999,1825690.0
2018-03-26,10.972999999999999,10.755999999999998,11.022,10.687000000000001,1383598.0
2018-03-27,10.924000000000001,10.765999999999998,10.992,10.687000000000001,1103933.0
2018-03-28,10.677999999999999,10.717,10.963,10.618,1099023.0
2018-03-29,10.745999999999999,10.874,10.992,10.382,1330602.0
2018-03-30,10.865,10.727,10.874,10.707,752173.0
2018-04-02,10.697000000000001,10.54,10.815,10.53,1109316.0
2018-04-03,10.432,10.392000000000001,10.5,10.343,890745.0
2018-04-04,10.51,10.697000000000001,10.835,10.432,1602488.0
2018-04-09,10.628,10.845,10.924000000000001,10.559000000000001,1074795.0
2018-04-10,10.845,11.238,11.277999999999999,10.796,1390950.0
2018-04-11,11.209000000000001,11.642000000000001,11.731,11.199000000000002,2095970.0
2018-04-12,11.612,11.337,11.642000000000001,11.238,1173128.0
2018-04-13,11.455,11.386,11.603,11.267999999999999,1300255.0
2018-04-16,11.288,10.924000000000001,11.288,10.855,1427072.0
2018-04-17,10.943,11.032,11.267999999999999,10.933,1301891.0
2018-04-18,11.267999999999999,11.317,11.425,11.100999999999999,1475845.0
2018-04-19,11.337,11.288,11.504000000000001,11.238,849131.0
2018-04-20,11.327,11.17,11.395999999999999,11.022,958690.0
2018-04-23,11.12,11.386,11.425,11.081,1070289.0
2018-04-24,11.445,11.671,11.75,11.395999999999999,1461098.0
2018-04-25,11.573,11.494000000000002,11.622,11.445,730286.0
2018-04-26,11.475,11.238,11.504000000000001,11.13,874235.0
2018-04-27,11.307,10.677999999999999,11.327,10.460999999999999,2709795.0
2018-05-02,10.796,10.707,10.855,10.628,1190523.0
2018-05-03,10.687000000000001,10.579,10.707,10.402000000000001,1281355.0
2018-05-04,10.559000000000001,10.51,10.658,10.491,710509.0
2018-05-07,10.53,10.638,10.658,10.470999999999998,974309.0
2018-05-08,10.658,10.835,10.972999999999999,10.628,1373305.0
2018-05-09,10.805,10.796,10.855,10.707,627656.0
2018-05-10,10.855,10.835,10.914000000000001,10.737,552735.0
2018-05-11,10.865,10.835,10.953,10.786,772369.0
2018-05-14,10.914000000000001,11.002,11.050999999999998,10.855,1039297.0
2018-05-15,11.002,10.943,11.012,10.845,669261.0
2018-05-16,10.894,10.727,10.894,10.717,714362.0
2018-05-17,10.737,10.648,10.765999999999998,10.609000000000002,586494.0
2018-05-18,10.638,10.786,10.796,10.589,578384.0
2018-05-21,10.894,10.776,10.933,10.755999999999998,763533.0
2018-05-22,10.776,10.687000000000001,10.805,10.618,589871.0
2018-05-23,10.648,10.481,10.648,10.450999999999999,991016.0
2018-05-24,10.491,10.440999999999999,10.51,10.412,688152.0
2018-05-25,10.440999999999999,10.422,10.5,10.382,593335.0
2018-05-28,10.412,10.422,10.491,10.343,569400.0
2018-05-29,10.412,10.215,10.460999999999999,10.185,889494.0
2018-05-30,10.126,9.92,10.126,9.89,1124447.0
2018-05-31,9.949,10.017999999999999,10.027999999999999,9.861,987360.0
2018-06-01,9.988999999999999,10.027999999999999,10.126,9.91,597211.0
2018-06-04,10.067,10.107000000000001,10.146,9.988999999999999,593038.0
2018-06-05,10.126,10.097000000000001,10.136000000000001,9.949,656540.0
2018-06-06,10.087,9.979,10.097000000000001,9.939,712743.0
2018-06-07,10.038,10.205,10.294,10.017999999999999,1262638.0
2018-06-08,10.166,9.959,10.166,9.9,1099379.0
2018-06-11,9.9,9.88,9.969,9.841000000000001,721374.0
2018-06-12,9.871,9.9,9.92,9.792,913300.0
2018-06-13,9.88,9.792,9.9,9.792,530584.0
2018-06-14,9.792,9.91,9.988999999999999,9.762,866392.0
2018-06-15,9.92,10.008,10.126,9.9,1248707.0
2018-06-19,9.89,9.713,9.988999999999999,9.664,1565874.0
2018-06-20,9.713,9.752,9.792,9.605,763637.0
2018-06-21,9.772,9.703,9.88,9.703,840070.0
2018-06-22,9.644,9.693,9.713,9.615,657818.0
2018-06-25,9.752,9.31,9.762,9.231,1195212.0
2018-06-26,9.241,9.211,9.29,8.946,1124156.0
2018-06-27,9.162,8.946,9.251,8.886000000000001,1045142.0
2018-06-28,8.808,8.777999999999999,8.936,8.729,1110764.0
2018-06-29,8.867,8.946,8.985,8.818,675299.0
2018-07-02,8.906,8.472999999999999,8.906,8.414,1315520.0
2018-07-03,8.552,8.532,8.562000000000001,8.316,1274838.0
2018-07-04,8.493,8.472999999999999,8.611,8.472999999999999,711153.0
2018-07-05,8.482999999999999,8.463,8.591000000000001,8.414,835768.0
2018-07-06,8.472999999999999,8.522,8.64,8.316,988282.0
2018-07-09,8.552,8.886000000000001,8.886000000000001,8.542,1409954.0
2018-07-10,8.877,8.837,8.877,8.749,896862.0
2018-07-11,8.621,8.64,8.69,8.542,851296.0
2018-07-12,8.6,8.88,8.97,8.58,1140492.0
2018-07-13,8.92,8.88,8.94,8.82,603378.0
2018-07-16,8.85,8.73,8.9,8.69,689845.0
2018-07-17,8.74,8.72,8.75,8.66,375356.0
2018-07-18,8.75,8.7,8.85,8.69,525152.0
2018-07-19,8.75,8.73,8.81,8.69,461372.0
2018-07-20,8.73,9.11,9.2,8.61,1754277.0
2018-07-23,9.04,9.42,9.45,9.0,1781688.0
2018-07-24,9.39,9.4,9.59,9.33,1425894.0
2018-07-25,9.44,9.38,9.47,9.33,614122.0
2018-07-26,9.4,9.25,9.48,9.21,833358.0
2018-07-27,9.3,9.25,9.36,9.18,515126.0
